,closest_sa2,rent_2025,rent_2024,rent_2017,rent_2018,rent_2019,rent_2020,rent_2021,rent_2022,rent_2023,average_growth
0,Abbotsford,564.7037037037037,564.7037037037037,360.3333333333333,452.05882352941177,510.38461538461536,463.0,474.4736842105263,564.7037037037037,564.7037037037037,1.0773532048005023
1,Airport West,428.5416666666667,428.5416666666667,390.0,383.8888888888889,394.54545454545456,423.8636363636364,389.5833333333333,428.5416666666667,428.5416666666667,1.0144775268430148
2,Albert Park,643.3870967741935,643.3870967741935,863.3333333333334,487.5,683.5714285714286,671.875,729.6875,643.3870967741935,643.3870967741935,0.981975988686963
5,Alphington - Fairfield,508.89285714285717,508.89285714285717,370.38461538461536,417.75,477.1875,448.5416666666667,472.63157894736844,508.89285714285717,508.89285714285717,1.0509420453882825
6,Altona,442.9824561403509,442.9824561403509,426.0,445.6666666666667,471.8421052631579,480.27777777777777,444.5833333333333,442.9824561403509,442.9824561403509,1.005576806285472
7,Altona Meadows,380.8139534883721,380.8139534883721,382.0,369.1666666666667,347.0,392.5,378.6363636363636,380.8139534883721,380.8139534883721,1.000977308522994
8,Altona North,514.4736842105264,514.4736842105264,385.0,408.75,383.3333333333333,453.75,452.77777777777777,514.4736842105264,514.4736842105264,1.0483036282805067
10,Ardeer - Albion,385.1219512195122,385.1219512195122,316.3636363636364,335.625,337.8125,364.4736842105263,370.17241379310343,385.1219512195122,385.1219512195122,1.0287847821214438
11,Armadale,521.1428571428571,521.1428571428571,560.0,497.5,551.25,548.8888888888889,537.5,521.1428571428571,521.1428571428571,0.9922276306300296
12,Ascot Vale,540.2173913043479,540.2173913043479,479.2857142857143,510.0,416.6666666666667,505.7142857142857,478.3333333333333,540.2173913043479,540.2173913043479,1.0221416903408542
13,Ashburton (Vic.),537.3333333333334,537.3333333333334,476.25,646.6666666666666,548.0,647.8571428571429,574.5,537.3333333333334,537.3333333333334,1.0229315362891496
14,Ashwood - Chadstone,518.4444444444445,518.4444444444445,445.7142857142857,455.14285714285717,474.1212121212121,506.2,481.06060606060606,518.4444444444445,518.4444444444445,1.0223103657374653
15,Aspendale Gardens - Waterways,680.0,680.0,519.4117647058823,575.9090909090909,553.5294117647059,590.3846153846154,668.6744186046511,680.0,680.0,1.0416707947920116
19,Balwyn,566.5277777777778,566.5277777777778,509.5833333333333,707.0,585.4761904761905,641.875,663.0857142857143,566.5277777777778,566.5277777777778,1.0214461343255603
20,Balwyn North,621.4102564102565,621.4102564102565,712.5,662.0833333333334,575.0,637.4444444444445,867.0,621.4102564102565,621.4102564102565,0.998941508602013
21,Bannockburn,400.0,400.0,390.0,340.0,404.2857142857143,494.44444444444446,407.05882352941177,400.0,400.0,1.0117060139423617
22,Bayswater,424.0,424.0,375.0,439.0,452.14285714285717,435.45454545454544,439.1666666666667,424.0,424.0,1.016632802258062
23,Bayswater North,477.77777777777777,477.77777777777777,568.5555555555555,453.3333333333333,435.5263157894737,452.85714285714283,466.53846153846155,477.77777777777777,477.77777777777777,0.9804984968528223
25,Beaumaris,623.2142857142857,623.2142857142857,679.2857142857143,728.5,642.5,795.4545454545455,828.125,623.2142857142857,623.2142857142857,1.0000047467255306
27,Belmont,455.9047619047619,455.9047619047619,369.375,358.6363636363636,350.4166666666667,390.4347826086956,402.72727272727275,455.9047619047619,455.9047619047619,1.0344646532095134
29,Bendigo,465.40506329113924,465.40506329113924,348.0,385.13513513513516,385.80357142857144,433.36842105263156,406.45569620253167,465.40506329113924,465.40506329113924,1.0466065474504034
30,Bentleigh - McKinnon,562.9444444444445,562.9444444444445,541.875,585.625,582.2222222222222,585.7894736842105,600.3125,562.9444444444445,562.9444444444445,1.0052540804876517
32,Blackburn,448.6111111111111,448.6111111111111,477.0,415.29411764705884,496.1764705882353,440.25,469.7826086956522,448.6111111111111,448.6111111111111,0.9962845902506289
33,Blackburn South,543.75,543.75,453.6363636363636,450.75,420.0,440.5,491.6666666666667,543.75,543.75,1.0287863485690303
34,Boronia,434.51612903225805,434.51612903225805,370.7142857142857,413.0769230769231,436.25,407.5,467.0833333333333,434.51612903225805,434.51612903225805,1.0236816280953855
35,Box Hill,460.625,460.625,483.125,487.3529411764706,498.5,493.6666666666667,453.89473684210526,460.625,460.625,0.9948617444064504
36,Box Hill North,515.6976744186046,515.6976744186046,505.625,490.61538461538464,535.2631578947369,532.9411764705883,512.7083333333334,515.6976744186046,515.6976744186046,1.0032269049866915
37,Braeside,440.0,440.0,490.0,875.0,875.0,650.0,850.0,440.0,440.0,1.0568490070853516
38,Braybrook,404.2241379310345,404.2241379310345,386.3636363636364,382.27272727272725,461.875,422.1875,437.25,404.2241379310345,404.2241379310345,1.0092969851805815
40,Brighton (Vic.),745.925,745.925,903.75,616.25,671.25,604.0,592.5,745.925,745.925,0.9850613323347017
41,Brighton East,586.7450980392157,586.7450980392157,563.0,905.0,910.8333333333334,932.1428571428571,808.1818181818181,586.7450980392157,586.7450980392157,1.0259307552671315
42,Broadmeadows,365.4222222222222,365.4222222222222,336.9230769230769,343.75,357.88461538461536,370.4166666666667,370.2083333333333,365.4222222222222,365.4222222222222,1.0109905586829506
43,Brunswick East,496.8666666666667,496.8666666666667,606.6666666666666,403.75,473.84615384615387,512.7272727272727,440.45454545454544,496.8666666666667,496.8666666666667,0.9842987395738463
44,Brunswick West,455.1304347826087,455.1304347826087,303.125,324.64285714285717,335.2631578947368,389.1666666666667,335.4166666666667,455.1304347826087,455.1304347826087,1.0783807510058256
46,Bulleen,484.7826086956522,484.7826086956522,391.6666666666667,476.875,498.3333333333333,482.5,465.0,484.7826086956522,484.7826086956522,1.0301162782954532
47,Buloke,291.25,291.25,350.38461538461536,263.2,300.7142857142857,229.19354838709677,255.0,291.25,291.25,0.9867961663095246
48,Bundoora - West,383.6307692307692,383.6307692307692,383.57142857142856,378.75,396.6666666666667,381.0,410.45454545454544,383.6307692307692,383.6307692307692,1.0008997741830998
50,Burnside,429.9166666666667,429.9166666666667,368.0,359.1666666666667,413.75,428.75,488.8888888888889,429.9166666666667,429.9166666666667,1.026443949919543
51,Burnside Heights,460.8695652173913,460.8695652173913,387.85714285714283,431.6666666666667,441.15384615384613,421.6666666666667,437.3529411764706,460.8695652173913,460.8695652173913,1.024207087677624
52,Burwood East,492.0689655172414,492.0689655172414,396.6666666666667,505.55555555555554,464.1666666666667,442.0,482.0833333333333,492.0689655172414,492.0689655172414,1.0312117161824133
53,Cairnlea,383.3333333333333,383.3333333333333,408.8888888888889,375.0,398.125,395.8333333333333,500.57142857142856,383.3333333333333,383.3333333333333,1.0002580459732382
54,California Gully - Eaglehawk,409.2857142857143,409.2857142857143,299.51612903225805,291.85714285714283,322.27272727272725,344.2307692307692,360.2,409.2857142857143,409.2857142857143,1.054324026141844
55,Camberwell,576.3793103448276,576.3793103448276,504.0,685.0,718.75,644.4444444444445,569.1666666666666,576.3793103448276,576.3793103448276,1.0217267001087023
56,Campbellfield - Coolaroo,344.1666666666667,344.1666666666667,321.5,337.6923076923077,358.75,360.9375,355.95238095238096,344.1666666666667,344.1666666666667,1.0091530491578031
57,Camperdown,450.0,450.0,202.5,217.5,241.0,250.625,314.44444444444446,450.0,450.0,1.1924094841380313
58,Carlton,498.08547008547004,498.08547008547004,470.0,385.0,443.3333333333333,421.6666666666667,330.0,498.08547008547004,498.08547008547004,1.0284147005459996
59,Carlton North - Princes Hill,601.875,601.875,680.0,531.25,558.3333333333334,547.5,709.3333333333334,601.875,601.875,0.9929300057714276
60,Carnegie,492.0,492.0,445.0,407.0,415.0,462.0,403.57142857142856,492.0,492.0,1.0198011320639877
61,Caroline Springs,179791.13460393093,179791.13460393093,384.0,382.5,377.0,397.0,444.2857142857143,179791.13460393093,179791.13460393093,109.7550706957902
62,Carrum - Patterson Lakes,597.3809523809524,597.3809523809524,445.125,445.3333333333333,472.5,493.125,599.6666666666666,597.3809523809524,597.3809523809524,1.0505530792597304
63,Carrum Downs,452.94117647058823,452.94117647058823,380.0,406.0,394.2307692307692,407.14285714285717,409.1666666666667,452.94117647058823,452.94117647058823,1.0255042208067133
65,Caulfield - North,510.10869565217394,510.10869565217394,432.5,492.5,482.5,553.3333333333334,437.72727272727275,510.10869565217394,510.10869565217394,1.02848169725851
66,Caulfield - South,1241.6037735849056,1241.6037735849056,639.875,579.1538461538462,606.1666666666666,574.6153846153846,533.0,1241.6037735849056,1241.6037735849056,1.2073090579920844
67,Chelsea - Bonbeach,497.0,497.0,445.875,427.0,455.55555555555554,490.0,443.04347826086956,497.0,497.0,1.0177822665891638
68,Chelsea Heights,600.0,600.0,488.75,453.3333333333333,435.8333333333333,475.7142857142857,479.4736842105263,600.0,600.0,1.036919238631476
69,Chirnside Park,447.77777777777777,447.77777777777777,447.85714285714283,451.42857142857144,445.0,451.42857142857144,540.4545454545455,447.77777777777777,447.77777777777777,1.0042389729019636
71,Clarinda - Oakleigh South,518.0,518.0,408.6666666666667,450.2173913043478,462.22222222222223,493.8,459.5,518.0,518.0,1.0361893814639724
72,Clayton South,473.6857142857143,473.6857142857143,351.25,403.57142857142856,374.0,406.6666666666667,419.2307692307692,473.6857142857143,473.6857142857143,1.046926300844103
73,Clifton Springs,457.5,457.5,370.55555555555554,389.2105263157895,406.25,404.5652173913044,435.23809523809524,457.5,457.5,1.0314955234672352
74,Cobram,390.0,390.0,262.5,301.75,265.6666666666667,263.4,313.9583333333333,390.0,390.0,1.070683517826494
75,Coburg North,465.80645161290323,465.80645161290323,457.5,433.6363636363636,480.0,490.0,510.4166666666667,465.80645161290323,465.80645161290323,1.0038889505149242
76,Colac,507.5,507.5,367.9230769230769,298.8235294117647,338.2142857142857,341.8333333333333,389.61538461538464,507.5,507.5,1.069130940414814
77,Collingwood,505.8510638297872,505.8510638297872,514.0,510.0,519.1666666666666,590.7142857142857,557.8571428571429,505.8510638297872,505.8510638297872,0.9999108446971088
79,Craigieburn - Central,403.0882352941176,403.0882352941176,434.0,396.6666666666667,405.0,395.0,392.0,403.0882352941176,403.0882352941176,0.9912315291751671
80,Cranbourne,411.40625,411.40625,336.5,347.0833333333333,341.6666666666667,352.85714285714283,347.0833333333333,411.40625,411.40625,1.0315453230519636
81,Cranbourne South,684.1666666666666,684.1666666666666,417.6923076923077,461.59090909090907,430.0,494.375,498.9583333333333,684.1666666666666,684.1666666666666,1.0967969060166949
82,Cranbourne West,495.16129032258067,495.16129032258067,398.0,365.0,381.6666666666667,441.0,460.0,495.16129032258067,495.16129032258067,1.0377374373931518
84,Croydon - West,488.2894736842105,488.2894736842105,426.0,355.0,381.42857142857144,408.125,443.75,488.2894736842105,488.2894736842105,1.0256680715258857
85,Croydon Hills - Warranwood,610.0,610.0,486.0,559.6428571428571,503.69565217391306,552.5,544.2105263157895,610.0,610.0,1.0344250712784717
86,Croydon South,492.5,492.5,395.0,443.3333333333333,477.5,506.42857142857144,483.3333333333333,492.5,492.5,1.0322521365711739
87,Dandenong North,373.9433962264151,373.9433962264151,336.6666666666667,360.0,368.125,376.1111111111111,411.8181818181818,373.9433962264151,373.9433962264151,1.0150833566005786
90,Delahey,402.5,402.5,376.875,388.8888888888889,384.61538461538464,361.25,394.375,402.5,402.5,1.009341956352703
91,Dingley Village,481.6666666666667,481.6666666666667,552.5,456.6666666666667,472.5,520.8333333333334,546.4285714285714,481.6666666666667,481.6666666666667,0.9859350497548138
92,Docklands,582.5522388059702,582.5522388059702,575.0,520.0,900.0,591.6666666666666,491.25,582.5522388059702,582.5522388059702,1.0387591803982754
93,Doncaster,516.2142857142857,516.2142857142857,439.54545454545456,428.6363636363636,440.5,465.0,465.0,516.2142857142857,516.2142857142857,1.0247759781469006
94,Donvale - Park Orchards,582.0,582.0,588.1034482758621,757.0689655172414,919.8648648648649,860.2,779.5454545454545,582.0,582.0,1.0116782202715655
95,Doveton,391.875,391.875,323.57142857142856,341.07142857142856,354.0,361.7857142857143,363.1034482758621,391.875,391.875,1.028028740872462
98,East Bendigo - Kennington,447.6388888888889,447.6388888888889,328.25,393.75,395.0,398.7567567567568,424.60526315789474,447.6388888888889,447.6388888888889,1.0468854790413393
99,East Melbourne,637.8048780487804,637.8048780487804,701.0,493.3333333333333,485.0,541.0,827.1428571428571,637.8048780487804,637.8048780487804,1.0102396314041286
100,Echuca,450.1142857142857,450.1142857142857,736.2,398.0,355.0,348.8095238095238,696.0,450.1142857142857,450.1142857142857,1.0015272736462197
101,Edithvale - Aspendale,436.6666666666667,436.6666666666667,434.2857142857143,461.42857142857144,484.0,512.0833333333334,548.9285714285714,436.6666666666667,436.6666666666667,1.0045712032021858
102,Elsternwick,512.280701754386,512.280701754386,444.375,422.3529411764706,383.0,375.2,440.0,512.280701754386,512.280701754386,1.025088622270177
103,Eltham,586.25,586.25,484.5,542.7777777777778,459.6666666666667,559.375,715.0,586.25,586.25,1.0372240331702458
104,Elwood,495.1284403669725,495.1284403669725,513.5714285714286,462.0,540.0,570.5555555555555,446.25,495.1284403669725,495.1284403669725,1.0017824313615376
107,Fawkner,411.29411764705884,411.29411764705884,406.6666666666667,401.6666666666667,407.85714285714283,427.77777777777777,365.0,411.29411764705884,411.29411764705884,1.004038173396483
108,Ferntree Gully (South) - Upper Ferntree Gully,497.0,497.0,334.61538461538464,412.3076923076923,385.8333333333333,433.57142857142856,436.3636363636364,497.0,497.0,1.0649744619461134
109,Fitzroy,611.7391304347826,611.7391304347826,386.6666666666667,468.75,560.0,470.5,594.1666666666666,611.7391304347826,611.7391304347826,1.0844503894100361
110,Fitzroy North,580.8059701492538,580.8059701492538,598.3333333333334,713.0,760.0,546.875,591.8181818181819,580.8059701492538,580.8059701492538,1.0059220292978965
111,Flemington,461.43939393939394,461.43939393939394,431.0,458.73333333333335,407.6666666666667,461.47058823529414,388.96875,461.43939393939394,461.43939393939394,1.014328026419751
113,Flora Hill - Spring Gully,366.37931034482756,366.37931034482756,322.22222222222223,306.6666666666667,331.47058823529414,364.13793103448273,371.8085106382979,366.37931034482756,366.37931034482756,1.0199946077393425
114,Footscray,404.9619569471624,404.9619569471624,456.6666666666667,365.0,341.6666666666667,388.75,370.55555555555554,404.9619569471624,404.9619569471624,0.9885029507688464
115,Forest Hill,509.4230769230769,509.4230769230769,368.3333333333333,447.5,439.5,581.1111111111111,515.0,509.4230769230769,509.4230769230769,1.0551538191380263
116,Foster,458.6666666666667,458.6666666666667,350.0,228.0,182.5,270.0,300.0,458.6666666666667,458.6666666666667,1.0909324831272191
117,Frankston,399.93650793650795,399.93650793650795,336.42857142857144,338.125,352.5,387.14285714285717,356.1,399.93650793650795,399.93650793650795,1.0272407854803267
118,Frankston North,400.46875,400.46875,333.3333333333333,336.42857142857144,351.3636363636364,352.5,345.55555555555554,400.46875,400.46875,1.028541569798907
119,Frankston South,530.0,530.0,441.1764705882353,537.0952380952381,561.0,570.0,482.5,530.0,530.0,1.0275259589368926
120,Gannawarra,513.5,513.5,230.55555555555554,242.14285714285714,212.0,243.33333333333334,248.33333333333334,513.5,513.5,1.2263038530984522
121,Geelong,459.3404255319149,459.3404255319149,333.84615384615387,347.3529411764706,356.0,379.0,420.64285714285717,459.3404255319149,459.3404255319149,1.0529345800877465
122,Geelong West - Hamlyn Heights,440.5970149253731,440.5970149253731,315.8,349.2391304347826,390.2,474.2567567567568,440.96774193548384,440.5970149253731,440.5970149253731,1.056187522785229
124,Gladstone Park - Westmeadows,427.89473684210526,427.89473684210526,402.8,424.0,434.11764705882354,451.875,452.7586206896552,427.89473684210526,427.89473684210526,1.0081255654501464
125,Glen Waverley - East,558.25,558.25,546.25,578.6,584.8,531.25,625.0,558.25,558.25,1.0059046882964786
126,Glen Waverley - West,582.8666666666667,582.8666666666667,512.5,568.0,485.0,430.0,508.3333333333333,582.8666666666667,582.8666666666667,1.022632420607919
127,Glenelg (Vic.),400.0,400.0,283.39285714285717,273.94736842105266,306.7741935483871,320.0,355.0,400.0,400.0,1.0619267031403234
129,Golden Plains - South,800.0,800.0,331.42857142857144,362.77777777777777,391.7391304347826,422.2916666666667,498.0,800.0,800.0,1.2263493763271427
131,Gowanbrae,440.0,440.0,410.0,465.0,435.0,451.5,478.44827586206895,440.0,440.0,1.0103411953009496
132,Greensborough,498.8709677419355,498.8709677419355,452.3181818181818,537.5,518.3333333333334,478.2758620689655,547.2380952380952,498.8709677419355,498.8709677419355,1.0154022896815982
133,Greenvale - Bulla,543.6666666666666,543.6666666666666,359.0,408.0,411.0,423.0,523.3333333333334,543.6666666666666,543.6666666666666,1.0721812294808464
134,Hadfield,436.79487179487177,436.79487179487177,367.22222222222223,404.44444444444446,423.0,427.72727272727275,410.0,436.79487179487177,436.79487179487177,1.024544514069376
136,Hamilton (Vic.),390.0,390.0,198.125,216.0,290.0,308.57142857142856,291.0,390.0,390.0,1.1515242693879233
137,Hampton,604.8684210526316,604.8684210526316,487.85714285714283,496.0,455.0,480.6666666666667,619.0,604.8684210526316,604.8684210526316,1.037321809828784
139,Hawthorn East,540.3884892086331,540.3884892086331,587.1428571428571,567.1428571428571,497.14285714285717,513.2352941176471,452.6923076923077,540.3884892086331,540.3884892086331,0.9943226654348001
141,Heathcote,439.5833333333333,439.5833333333333,293.75,303.125,319.2307692307692,371.875,392.0,439.5833333333333,439.5833333333333,1.0724466418794252
142,Heidelberg - Rosanna,481.59183673469386,481.59183673469386,390.9375,506.6666666666667,450.0,478.3333333333333,452.4,481.59183673469386,481.59183673469386,1.0306734482381532
143,Heidelberg West,446.45098039215685,446.45098039215685,389.1666666666667,378.6842105263158,424.77272727272725,445.9259259259259,458.125,446.45098039215685,446.45098039215685,1.0210984809179406
144,Highton,463.8888888888889,463.8888888888889,453.3333333333333,425.35714285714283,425.9375,451.2962962962963,524.2,463.8888888888889,463.8888888888889,1.0059514932994036
145,Hoppers Crossing - North,375.96491228070175,375.96491228070175,328.0,362.5,380.0,370.625,360.8333333333333,375.96491228070175,375.96491228070175,1.0186925967643727
147,Hughesdale,554.2972972972973,554.2972972972973,537.0,518.5,552.3333333333334,492.35714285714283,494.61538461538464,554.2972972972973,554.2972972972973,1.006193103853544
148,Hurstbridge,480.0,480.0,390.0,430.0,428.75,450.0,503.125,480.0,480.0,1.0306688865263027
149,Irymple,617.0,617.0,302.6923076923077,258.6363636363636,295.0,339.6,342.1875,617.0,617.0,1.1950081956414924
150,Ivanhoe,470.3061224489796,470.3061224489796,432.14285714285717,422.22222222222223,391.42857142857144,461.6666666666667,484.0,470.3061224489796,470.3061224489796,1.0140828103800026
151,Ivanhoe East - Eaglemont,549.4117647058823,549.4117647058823,421.6666666666667,547.3571428571429,503.84615384615387,503.75,549.6153846153846,549.4117647058823,549.4117647058823,1.0387758564031802
152,Kangaroo Flat - Golden Square,435.0,435.0,300.0,324.5,344.2857142857143,368.125,388.0,435.0,435.0,1.0626645636655638
153,Keilor,465.18518518518516,465.18518518518516,387.89473684210526,395.55555555555554,404.4736842105263,423.40909090909093,452.03125,465.18518518518516,465.18518518518516,1.0269542989773368
154,Keilor Downs,391.07142857142856,391.07142857142856,373.26666666666665,375.05263157894734,375.2352941176471,386.69565217391306,412.9714285714286,391.07142857142856,391.07142857142856,1.0065858196881357
155,Kensington (Vic.),569.3076923076923,569.3076923076923,481.6666666666667,513.8888888888889,522.9166666666666,608.0,498.6666666666667,569.3076923076923,569.3076923076923,1.02834018300059
157,Kew East,507.85714285714283,507.85714285714283,591.25,615.0,622.0,593.125,493.3333333333333,507.85714285714283,507.85714285714283,0.9870097029334854
159,Kilsyth,467.5,467.5,393.1818181818182,403.75,411.07142857142856,453.1818181818182,487.5,467.5,467.5,1.0259911724911415
160,Kings Park (Vic.),362.77777777777777,362.77777777777777,336.0,338.3333333333333,358.05555555555554,360.7142857142857,402.6923076923077,362.77777777777777,362.77777777777777,1.0119109673483457
161,Kingsbury,313.8974358974359,313.8974358974359,393.46153846153845,360.9375,408.2352941176471,373.8888888888889,395.35714285714283,313.8974358974359,313.8974358974359,0.9807410026860653
162,Knoxfield - Scoresby,516.5384615384615,516.5384615384615,421.3333333333333,425.0,448.4782608695652,472.3333333333333,483.0,516.5384615384615,516.5384615384615,1.0311501488943302
163,Korumburra,412.0,412.0,315.7142857142857,300.8333333333333,280.0,340.0,391.6666666666667,412.0,412.0,1.0480080854684066
164,Kyabram,287.44444444444446,287.44444444444446,181.4516129032258,238.27027027027026,265.98425196850394,216.1038961038961,253.70229007633588,287.44444444444446,287.44444444444446,1.0811035693298274
168,Lara,506.02941176470586,506.02941176470586,345.35714285714283,372.67857142857144,486.6666666666667,419.8076923076923,507.0238095238095,506.02941176470586,506.02941176470586,1.0719978437974138
169,Laverton,398.25396825396825,398.25396825396825,394.29411764705884,387.10526315789474,397.6470588235294,393.06451612903226,420.0,398.25396825396825,398.25396825396825,1.00181347088541
171,Leopold,476.07142857142856,476.07142857142856,370.0,391.42857142857144,392.85714285714283,395.0,416.6666666666667,476.07142857142856,476.07142857142856,1.03942662722562
172,Lilydale - Coldstream,449.1666666666667,449.1666666666667,372.0,397.1875,400.5,405.5263157894737,408.84615384615387,449.1666666666667,449.1666666666667,1.027426306869005
174,Loddon,316.0,316.0,289.6875,260.0,249.72222222222223,269.96153846153845,310.0,316.0,316.0,1.0153499267021684
176,Lorne - Anglesea,775.0,775.0,755.7575757575758,392.5,344.8,387.63157894736844,490.19444444444446,775.0,775.0,1.0475249203872405
177,Lynbrook - Lyndhurst,489.4117647058824,489.4117647058824,433.6666666666667,433.2142857142857,415.7,428.92857142857144,449.1666666666667,489.4117647058824,489.4117647058824,1.0177366455021915
178,Lysterfield,480.0,480.0,446.1111111111111,439.54545454545456,458.92857142857144,465.0,514.0,480.0,480.0,1.011030122266355
182,Malvern - Glen Iris,569.8305084745763,569.8305084745763,709.5454545454545,479.1304347826087,517.24,538.59375,702.0,569.8305084745763,569.8305084745763,0.9849829665075054
183,Malvern East,485.873417721519,485.873417721519,449.7647058823529,389.3529411764706,396.05263157894734,438.6363636363636,442.67857142857144,485.873417721519,485.873417721519,1.0141436419529013
185,Maribyrnong,480.0281690140845,480.0281690140845,440.35714285714283,451.0,450.25,436.07142857142856,465.11764705882354,480.0281690140845,480.0281690140845,1.0118911832417805
187,Meadow Heights,372.54545454545456,372.54545454545456,346.0,361.3333333333333,377.22222222222223,357.5,430.4166666666667,372.54545454545456,372.54545454545456,1.0134779913261358
188,Melbourne,547.0459770114943,547.0459770114943,510.0,690.0,445.0,630.0,443.25,547.0459770114943,547.0459770114943,1.0415448369258515
190,Mentone,460.81081081081084,460.81081081081084,435.8333333333333,389.2857142857143,455.45454545454544,441.42857142857144,419.1666666666667,460.81081081081084,460.81081081081084,1.01127396532087
191,Mickleham - Yuroke,450.9074074074074,450.9074074074074,370.0,429.2857142857143,423.2142857142857,435.0,413.6842105263158,450.9074074074074,450.9074074074074,1.0281750104544585
192,Mildura - North,353.5869565217391,353.5869565217391,273.75,248.0,315.0,296.25,350.45454545454544,353.5869565217391,353.5869565217391,1.049446217162825
193,Mildura - South,410.46875,410.46875,352.5,346.6666666666667,230.0,338.0,400.0,410.46875,410.46875,1.0439554763571726
194,Mill Park - North,409.55882352941177,409.55882352941177,338.75,381.3636363636364,400.0,417.5,404.2857142857143,409.55882352941177,409.55882352941177,1.0267745816022025
195,Mitcham (Vic.),471.42857142857144,471.42857142857144,411.0,480.0,420.0,472.5,452.5,471.42857142857144,471.42857142857144,1.0205891284076145
198,Montmorency - Briar Hill,495.0,495.0,408.84615384615387,420.0,442.89473684210526,471.3333333333333,456.1363636363636,495.0,495.0,1.0288613137800877
200,Moonee Ponds,517.6973684210526,517.6973684210526,393.75,451.0,390.0,451.53846153846155,448.57142857142856,517.6973684210526,517.6973684210526,1.044502463710739
201,Moorabbin - Heatherton,565.9090909090909,565.9090909090909,514.375,547.8571428571429,507.94736842105266,565.8695652173913,530.7142857142857,565.9090909090909,565.9090909090909,1.014207924911455
202,Mooroolbark,490.95238095238096,490.95238095238096,451.25,490.625,452.14285714285717,422.0,443.05555555555554,490.95238095238096,490.95238095238096,1.0125268810834052
203,Mooroopna,341.6666666666667,341.6666666666667,249.16666666666666,282.5,300.0,356.0,302.5,341.6666666666667,341.6666666666667,1.053234497619229
204,Mordialloc - Parkdale,477.3170731707317,477.3170731707317,379.0,430.7142857142857,513.3333333333334,464.72222222222223,522.7777777777778,477.3170731707317,477.3170731707317,1.0371080043425058
210,Mount Waverley - South,533.5526315789474,533.5526315789474,445.0,510.45454545454544,513.3333333333334,605.0,515.0,533.5526315789474,533.5526315789474,1.0283973559822932
212,Moyne - West,376.6666666666667,376.6666666666667,1270.2,321.47058823529414,329.4117647058824,390.8,402.1212121212121,376.6666666666667,376.6666666666667,0.9158414260546816
213,Mulgrave,479.5833333333333,479.5833333333333,399.0,435.0,450.625,487.77777777777777,447.5,479.5833333333333,479.5833333333333,1.0270609908239596
214,Murrumbeena,454.125,454.125,590.8333333333334,524.4166666666666,608.75,524.5833333333334,480.0,454.125,454.125,0.9758825520047658
218,Newcomb - Moolap,409.54545454545456,409.54545454545456,289.7916666666667,333.8095238095238,337.2916666666667,355.42857142857144,382.375,409.54545454545456,409.54545454545456,1.0549236070013122
219,Newport,498.7037037037037,498.7037037037037,431.3157894736842,446.71875,410.55555555555554,448.3333333333333,470.90909090909093,498.7037037037037,498.7037037037037,1.0215549120172778
220,Newtown (Vic.),480.5952380952381,480.5952380952381,423.57142857142856,380.625,429.375,400.7692307692308,443.3333333333333,480.5952380952381,480.5952380952381,1.0222906475524616
222,Niddrie - Essendon West,600.5588235294117,600.5588235294117,475.9375,424.09090909090907,526.5384615384615,503.2692307692308,486.0416666666667,600.5588235294117,600.5588235294117,1.0458452273999643
223,Noble Park - East,361.12318840579707,361.12318840579707,367.5,358.57142857142856,355.8333333333333,385.0,380.29411764705884,361.12318840579707,361.12318840579707,0.9984098974919822
224,Noble Park - West,368.57142857142856,368.57142857142856,298.3333333333333,333.75,346.6666666666667,303.75,354.0,368.57142857142856,368.57142857142856,1.0328070105419809
225,North Geelong - Bell Park,476.30434782608694,476.30434782608694,359.5238095238095,391.3478260869565,403.7878787878788,429.51612903225805,441.0344827586207,476.30434782608694,476.30434782608694,1.0435933456147932
226,Numurkah,277.5,277.5,207.5,215.0,267.75,261.77777777777777,253.33333333333334,277.5,277.5,1.0497880579395957
227,Nunawading,465.35714285714283,465.35714285714283,468.0,465.0,457.14285714285717,490.0,524.1666666666666,465.35714285714283,465.35714285714283,1.0007618736930584
228,Oakleigh - Huntingdale,507.30357142857144,507.30357142857144,463.32,478.46153846153845,484.6551724137931,493.38709677419354,481.2244897959184,507.30357142857144,507.30357142857144,1.0123226628843718
230,Ormond - Glen Huntly,488.7164179104478,488.7164179104478,367.55555555555554,450.45454545454544,421.7857142857143,509.2,450.2,488.7164179104478,488.7164179104478,1.0455798630730273
231,Otway,347.9166666666667,347.9166666666667,314.77272727272725,292.14285714285717,360.0,357.75,363.75,347.9166666666667,347.9166666666667,1.0180317666184604
233,Parkville,510.5,510.5,465.0,462.5,515.8333333333334,446.07142857142856,428.5,510.5,510.5,1.0169839817975272
234,Pascoe Vale South,471.8333333333333,471.8333333333333,417.85714285714283,405.0,394.0,469.2857142857143,510.625,471.8333333333333,471.8333333333333,1.0204460671097542
236,Pearcedale - Tooradin,455.0,455.0,364.8076923076923,378.125,404.20454545454544,409.19354838709677,452.95454545454544,455.0,455.0,1.0338812743289427
238,Plenty - Yarrambat,800.0,800.0,478.57142857142856,565.0,521.0,603.0,533.1818181818181,800.0,800.0,1.1052558581033316
239,Point Cook - South,453.13422818791946,453.13422818791946,380.0,410.8333333333333,417.6923076923077,393.84615384615387,401.6666666666667,453.13422818791946,453.13422818791946,1.0258379386306615
240,Point Lonsdale - Queenscliff,526.6666666666666,526.6666666666666,344.2857142857143,367.5,420.0,422.7586206896552,521.4,526.6666666666666,526.6666666666666,1.0775470261581375
242,Port Melbourne,674.9122807017544,674.9122807017544,775.0,570.0,725.0,756.6666666666666,643.5714285714286,674.9122807017544,674.9122807017544,0.9912812492904397
243,Portarlington,983.9772727272727,983.9772727272727,955.7142857142857,340.0,467.77777777777777,404.0,405.22727272727275,983.9772727272727,983.9772727272727,1.130729087907085
244,Portland,389.0,389.0,244.33333333333334,280.3125,309.2857142857143,387.6666666666667,324.5238095238095,389.0,389.0,1.0881589061417383
245,Prahran - Windsor,519.3011363636364,519.3011363636364,586.0714285714286,462.0,435.75,464.6470588235294,605.0,519.3011363636364,519.3011363636364,0.9932048322120453
246,Preston - East,448.59307359307365,448.59307359307365,426.6666666666667,408.3333333333333,414.1666666666667,444.0,411.53846153846155,448.59307359307365,448.59307359307365,1.0081111140076764
247,Preston - West,496.0,496.0,412.5,401.6666666666667,419.1666666666667,447.6923076923077,432.10526315789474,496.0,496.0,1.029613723108075
248,Red Cliffs,318.57142857142856,318.57142857142856,227.85714285714286,284.5833333333333,259.44444444444446,289.5,340.88235294117646,318.57142857142856,318.57142857142856,1.0538720140076232
249,Research - North Warrandyte,385.0,385.0,735.0,528.25,596.1764705882352,551.3888888888889,580.0,385.0,385.0,0.9581290933661881
251,Ringwood,445.609756097561,445.609756097561,397.5,403.125,406.25,432.77777777777777,407.5,445.609756097561,445.609756097561,1.0167317314919408
252,Ringwood East,441.1111111111111,441.1111111111111,412.0,428.1818181818182,433.1818181818182,507.6923076923077,542.5,441.1111111111111,441.1111111111111,1.0133375812918304
253,Ringwood North,514.2857142857143,514.2857142857143,498.0,508.125,740.4545454545455,751.25,640.3333333333334,514.2857142857143,514.2857142857143,1.018505248419108
258,Rowville - Central,494.44444444444446,494.44444444444446,441.6666666666667,480.0,461.8421052631579,458.84615384615387,455.0,494.44444444444446,494.44444444444446,1.015534540189538
261,Sandringham - Black Rock,524.8333333333334,524.8333333333334,613.3333333333334,570.0,569.0625,546.9230769230769,636.5,524.8333333333334,524.8333333333334,0.9861950720867756
262,Seabrook,397.3076923076923,397.3076923076923,351.6666666666667,365.0,366.3636363636364,382.5,366.3888888888889,397.3076923076923,397.3076923076923,1.0173145495019555
263,Seaford (Vic.),492.3939393939394,492.3939393939394,367.5,360.0,373.8888888888889,399.0,448.125,492.3939393939394,492.3939393939394,1.0498273639844362
264,Seddon - Kingsville,459.9,459.9,355.0,373.2142857142857,394.54545454545456,429.2105263157895,414.3181818181818,459.9,459.9,1.0409175295967243
265,Seymour,355.0,355.0,256.6666666666667,267.22222222222223,290.8333333333333,297.5,309.6875,355.0,355.0,1.0543023749930418
266,Shepparton - North,376.3541666666667,376.3541666666667,321.875,340.0,335.0,368.0,395.7692307692308,376.3541666666667,376.3541666666667,1.0228581194636348
267,Skye - Sandhurst,568.0,568.0,451.9230769230769,463.3333333333333,485.22727272727275,517.2916666666666,535.0,568.0,568.0,1.0352285103066818
271,Southern Grampians,269.0,269.0,270.5769230769231,206.9047619047619,245.0,280.4347826086956,299.61538461538464,269.0,269.0,1.0072874730647032
272,Springvale,400.1063829787234,400.1063829787234,361.0,360.8333333333333,376.25,392.85714285714283,355.0,400.1063829787234,400.1063829787234,1.015966471036104
273,Springvale South,418.5,418.5,433.3333333333333,417.14285714285717,421.25,419.09090909090907,385.8333333333333,418.5,418.5,0.9965694454940838
274,St Albans - North,364.5429553264605,364.5429553264605,327.0,351.42857142857144,357.1875,368.0,385.0,364.5429553264605,364.5429553264605,1.0148192846945234
275,St Arnaud,327.5,327.5,200.0,190.83333333333334,211.36363636363637,220.5,262.6470588235294,327.5,327.5,1.1011336247580927
276,St Kilda East,490.6341463414634,490.6341463414634,380.0,440.61538461538464,475.8333333333333,437.93333333333334,456.6666666666667,490.6341463414634,490.6341463414634,1.0383290761900796
278,Strathmore,510.2173913043478,510.2173913043478,454.0,433.0,530.0,543.125,451.25,510.2173913043478,510.2173913043478,1.0228478807895829
280,Sunshine,404.4736842105263,404.4736842105263,291.1111111111111,362.14285714285717,335.0,321.3636363636364,362.72727272727275,404.4736842105263,404.4736842105263,1.0516129784724018
281,Sunshine North,397.8333333333333,397.8333333333333,319.54545454545456,337.77777777777777,360.0,363.3333333333333,394.0,397.8333333333333,397.8333333333333,1.0329028417480768
282,Sunshine West,391.2121212121212,391.2121212121212,362.5,355.5625,366.0769230769231,409.1666666666667,417.14285714285717,391.2121212121212,391.2121212121212,1.0115861058082694
283,Surrey Hills (East) - Mont Albert,552.2391304347826,552.2391304347826,476.6666666666667,488.6842105263158,478.8888888888889,423.1578947368421,560.2941176470588,552.2391304347826,552.2391304347826,1.0270924553361542
284,Surrey Hills (West) - Canterbury,636.40625,636.40625,698.3333333333334,575.0,752.5,671.25,589.5833333333334,636.40625,636.40625,0.9966635191283008
285,Swan Hill,308.8888888888889,308.8888888888889,249.23076923076923,275.0,274.09090909090907,267.5,293.0769230769231,308.8888888888889,308.8888888888889,1.0314838504858814
286,Sydenham,407.5,407.5,350.0,391.25,382.85714285714283,413.1818181818182,415.5,407.5,407.5,1.0210649891548644
287,Taylors Hill,462.22222222222223,462.22222222222223,456.6666666666667,490.0,480.0,482.22222222222223,474.0,462.22222222222223,462.22222222222223,1.0018230933306653
288,Taylors Lakes,516.4285714285714,516.4285714285714,430.29411764705884,441.1111111111111,1921.0,2081.6666666666665,509.1666666666667,516.4285714285714,516.4285714285714,1.3439674586344714
289,Templestowe,581.875,581.875,452.0,570.0,618.3333333333334,590.7142857142857,579.0,581.875,581.875,1.0365236312573896
290,Templestowe Lower,491.05263157894734,491.05263157894734,498.3333333333333,481.6666666666667,505.35714285714283,553.8888888888889,514.0909090909091,491.05263157894734,491.05263157894734,0.9993536639981999
291,The Basin,450.0,450.0,375.0,422.0,353.3333333333333,440.0,409.64285714285717,450.0,450.0,1.031233492909295
292,Thomastown,408.40277777777777,408.40277777777777,370.0,353.57142857142856,303.3333333333333,442.0,382.5,408.40277777777777,408.40277777777777,1.0272116099992188
293,Thornbury,466.5409836065574,466.5409836065574,473.8888888888889,513.0,498.3333333333333,453.6363636363636,445.0,466.5409836065574,466.5409836065574,0.9993952536673709
294,Toorak,631.072463768116,631.072463768116,691.25,625.0,477.5,610.0,410.0,631.072463768116,631.072463768116,1.0195175785677475
295,Torquay,605.2083333333334,605.2083333333334,439.2142857142857,463.94444444444446,497.10526315789474,536.2222222222222,684.6111111111111,605.2083333333334,605.2083333333334,1.0569292071438992
298,Tullamarine,421.1290322580645,421.1290322580645,359.2857142857143,316.6666666666667,387.77777777777777,374.3333333333333,395.0,421.1290322580645,421.1290322580645,1.0294156295787558
300,Upwey - Tecoma,595.0,595.0,405.3333333333333,426.8421052631579,416.57894736842104,462.9166666666667,467.9166666666667,595.0,595.0,1.0693617375426752
301,Vermont,530.4545454545455,530.4545454545455,460.0,532.5714285714286,496.5,567.0833333333334,554.0,530.4545454545455,530.4545454545455,1.0207514716043171
302,Vermont South,523.3333333333334,523.3333333333334,468.125,528.0,505.45454545454544,540.5555555555555,595.4347826086956,523.3333333333334,523.3333333333334,1.0167537836880938
303,Viewbank - Yallambie,487.4375,487.4375,432.3529411764706,427.89473684210526,493.5,467.95454545454544,479.5348837209302,487.4375,487.4375,1.0185044329154191
305,Wandin - Seville,550.0,550.0,383.42105263157896,414.7368421052632,432.96875,438.52941176470586,475.78125,550.0,550.0,1.0607831555943814
307,Wantirna,531.4285714285714,531.4285714285714,411.25,418.75,545.625,515.8333333333334,574.7058823529412,531.4285714285714,531.4285714285714,1.045926198202184
308,Wantirna South,533.9655172413793,533.9655172413793,495.0,454.0,443.6666666666667,456.6666666666667,509.61538461538464,533.9655172413793,533.9655172413793,1.0124035634547701
310,Warrandyte - Wonga Park,789.0,789.0,581.6666666666666,563.5416666666666,539.4827586206897,635.3125,591.6176470588235,789.0,789.0,1.058811244469282
311,Warrnambool - North,401.3,401.3,304.0,412.85714285714283,379.0,374.1666666666667,500.0,401.3,401.3,1.0491260206914281
312,Watsonia,457.05882352941177,457.05882352941177,390.0,406.1111111111111,396.9230769230769,429.13793103448273,436.34615384615387,457.05882352941177,457.05882352941177,1.0229099412223257
313,Wattle Glen - Diamond Creek,521.3636363636364,521.3636363636364,488.125,530.0,528.1818181818181,486.6666666666667,555.5882352941177,521.3636363636364,521.3636363636364,1.0103309787682933
315,Werribee - South,367.962962962963,367.962962962963,377.94117647058823,348.3333333333333,358.92857142857144,345.96153846153845,354.8076923076923,367.962962962963,367.962962962963,0.9971485735420755
317,West Footscray - Tottenham,398.0845070422535,398.0845070422535,316.7857142857143,361.75,408.8888888888889,424.61538461538464,392.03125,398.0845070422535,398.0845070422535,1.034104425868896
318,West Wimmera,230.0,230.0,247.89473684210526,258.2352941176471,289.64285714285717,220.0,285.29411764705884,230.0,230.0,1.0043415308283663
320,Wheelers Hill,586.578947368421,586.578947368421,422.85714285714283,530.0,508.3333333333333,486.7857142857143,430.0,586.578947368421,586.578947368421,1.0568671899448996
321,White Hills - Ascot,465.0,465.0,337.36842105263156,353.7096774193548,389.375,406.09375,474.03846153846155,465.0,465.0,1.0538745791583135
323,Williamstown,552.4153846153846,552.4153846153846,612.0,563.3333333333334,513.125,668.75,637.0,552.4153846153846,552.4153846153846,0.9945378074798339
324,Winchelsea,458.75,458.75,387.5,479.44444444444446,506.6666666666667,420.7142857142857,432.8,458.75,458.75,1.0256002951157435
326,Wonthaggi - Inverloch,421.30555555555554,421.30555555555554,424.344262295082,379.04761904761904,346.27777777777777,398.135593220339,472.90277777777777,421.30555555555554,421.30555555555554,1.0043159077701678
330,Yarra Valley,323.3333333333333,323.3333333333333,367.5,379.44444444444446,394.0,380.625,398.0,323.3333333333333,323.3333333333333,0.9894769377930674
331,Yarram,350.0,350.0,227.08333333333334,242.0,242.85714285714286,266.0416666666667,308.8235294117647,350.0,350.0,1.0782328485560222
332,Yarraville,538.9583333333334,538.9583333333334,494.0,455.0,556.25,516.0,566.25,538.9583333333334,538.9583333333334,1.0168230395658784
