,SA2 code,2017 Population,2018 Population,2019 Population,2020 Population,2021 Population,2022 Population,2026 Population,2031 Population,2036 Population,2023 Population,2024 Population,2025 Population,SA2 name
0,201011001,12639,13520,14408,15472,16823,16623.337207031203,21796.399999999907,26956.399999999907,32116.399999999907,17329.283789062407,18035.23037109361,18741.176953124814,Alfredton
1,201011002,12261,12237,12311,12183,12076,12366.05320046164,11916.800000000003,11704.800000000003,11492.800000000003,12413.87434156012,12461.695482658615,12509.516623757096,Ballarat
2,201011005,7407,7413,7452,7369,7232,7749.16896750711,7098.800000000003,6901.800000000003,6704.800000000003,7860.948493726319,7972.728019945556,8084.507546164765,Buninyong
3,201011006,7617,8174,8876,9736,10640,10722.789137961576,14334.199999999953,18138.199999999953,21942.199999999953,11318.066431403859,11913.343724846141,12508.621018288424,Delacombe
4,201011007,4002,4040,4109,4148,4213,4176.433098810368,4473.399999999994,4738.399999999994,5003.399999999994,4203.091835345644,4229.750571880919,4256.409308416194,Smythes Creek
5,201011008,14933,15056,15160,15242,15314,15572.18908913352,15804.600000000006,16278.600000000006,16752.600000000006,15715.12325106532,15858.05741299718,16000.99157492898,Wendouree - Miners Rest
6,201011481,9462,9530,9623,9639,9656,9731.100000000006,9929.900000000009,10178.400000000009,10426.900000000009,9780.800000000003,9830.5,9880.199999999997,Ballarat East - Warrenheip
7,201011482,14374,14501,14612,14660,14692,14806.299999999988,15124.299999999988,15521.799999999988,15919.299999999988,14885.799999999988,14965.299999999988,15044.799999999988,Ballarat North - Invermay
8,201011483,11759,11994,12128,12179,12207,12377.700000000012,12810.099999999977,13350.599999999977,13891.099999999977,12485.799999999988,12593.899999999994,12702.0,Canadian - Mount Clear
9,201011484,13224,13271,13278,13216,13062,13096.5,12944.899999999994,12755.399999999994,12565.899999999994,13058.600000000006,13020.699999999997,12982.800000000003,Sebastopol - Redan
10,201021009,6093,6217,6344,6457,6533,6499.281802645593,7112.799999999988,7672.799999999988,8232.799999999988,6560.625753876651,6621.969705107709,6683.313656338782,Bacchus Marsh Surrounds
11,201021010,7910,7954,7981,8016,8036,8167.127907492904,8199.199999999997,8356.199999999997,8513.199999999997,8227.023674242431,8286.919440991958,8346.815207741485,Creswick - Clunes
12,201021011,9238,9380,9536,9713,9870,9670.369686612219,10665.299999999988,11463.799999999988,12262.299999999988,9720.979267282193,9771.588847952182,9822.198428622156,Daylesford
13,201021012,5866,5990,6114,6236,6337,6182.777630060373,6940.200000000012,7534.200000000012,8128.200000000012,6214.394301165958,6246.010972271542,6277.6276433771345,Gordon (Vic.)
14,201031013,3349,3389,3417,3440,3498,3416.0448353160514,3662.9000000000087,3837.4000000000087,4011.9000000000087,3417.9106156782673,3419.776396040483,3421.642176402699,Avoca
15,201031014,4483,4444,4536,4598,4618,4562.1989457563905,4832.600000000006,5044.600000000006,5256.600000000006,4574.506907700048,4586.814869643702,4599.122831587356,Beaufort
16,201031015,4609,4688,4778,4824,4868,4924.065762606537,5211.200000000012,5538.200000000012,5865.200000000012,4980.020089814148,5035.974417021775,5091.928744229401,Golden Plains - North
17,201031016,8057,8132,8146,8115,8116,8208.821861683238,8183.9000000000015,8234.400000000001,8284.900000000001,8240.013455847533,8271.205050011835,8302.396644176137,Maryborough (Vic.)
18,201031017,5342,5392,5394,5373,5475,5445.721213600853,5568.0999999999985,5691.5999999999985,5815.0999999999985,5463.15226976799,5480.583325935135,5498.014382102272,Maryborough Surrounds
19,202011018,14836,14927,15055,15063,14951,15153.245148259943,15222.599999999999,15405.599999999999,15588.599999999999,15219.358652935596,15285.47215761125,15351.585662286932,Bendigo
20,202011019,12295,12454,12613,12775,12923,13399.607519531273,13715.899999999965,14504.399999999965,15292.899999999965,13642.134635416674,13884.661751302134,14127.188867187535,California Gully - Eaglehawk
21,202011020,13801,13825,13881,13785,13925,13943.732040127841,13989.0,14093.0,14197.0,13978.115188506155,14012.49833688447,14046.881485262784,East Bendigo - Kennington
22,202011021,9501,9518,9538,9562,9420,9768.395680930407,9425.199999999993,9366.199999999993,9307.199999999993,9847.368791429937,9926.341901929467,10005.315012428997,Flora Hill - Spring Gully
23,202011022,20180,20422,20690,20900,21060,21326.30062144884,22217.00000000006,23336.00000000006,24455.00000000006,21550.484972774633,21774.669324100367,21998.85367542616,Kangaroo Flat - Golden Square
24,202011023,5248,5317,5358,5455,5500,6106.85177778767,5825.000000000015,6146.000000000015,6467.000000000015,6354.106557765161,6601.361337742652,6848.616117720201,Maiden Gully
25,202011024,9120,9475,9889,10296,10676,11197.763742897776,12644.29999999993,14610.79999999993,16577.29999999993,11636.868024976342,12075.972307054908,12515.07658913359,Strathfieldsaye
26,202011025,12471,12983,13561,14014,14444,15164.814657315379,16978.5,19467.0,21955.5,15703.997789417626,16243.180921519874,16782.36405362212,White Hills - Ascot
27,202021026,7576,7789,7915,8143,8306,8524.418084161938,9215.599999999977,10122.599999999977,11029.599999999977,8714.07450136129,8903.730918560585,9093.387335759937,Bendigo Surrounds - South
28,202021027,10882,11004,11131,11257,11285,11421.765474076703,11853.100000000006,12382.600000000006,12912.100000000006,11520.180857895379,11618.596241714025,11717.011625532672,Castlemaine
29,202021028,8695,8774,8848,8960,9145,8964.960968572443,9644.599999999977,10187.599999999977,10730.599999999977,8997.060475852275,9029.1599831321,9061.259490411932,Castlemaine Surrounds
30,202021029,4605,4690,4783,4893,5023,4892.482182173291,5526.100000000006,6045.600000000006,6565.100000000006,4928.360719253076,4964.239256332861,5000.117793412632,Heathcote
31,202021030,9918,10060,10206,10353,10494,10581.921311257116,11217.700000000012,11940.200000000012,12662.700000000012,10707.90777107008,10833.894230883045,10959.880690696038,Kyneton
32,202021031,7218,7399,7584,7699,7908,7855.680792791187,8737.599999999977,9577.599999999977,10417.599999999977,7955.645713482489,8055.610634173761,8155.575554865063,Woodend
33,202031032,4507,4610,4705,4790,4906,4744.5931152343765,5388.200000000012,5877.200000000012,6366.200000000012,4762.530468750003,4780.467822265629,4798.405175781256,Bendigo Surrounds - North
34,202031033,7106,7130,7156,7178,7230,7080.4504106001405,7367.200000000004,7515.200000000004,7663.200000000004,7058.894277491716,7037.338144383291,7015.7820112748595,Loddon
35,203011034,6877,7122,7352,7594,7733,8353.617977627902,8864.399999999965,9956.399999999965,11048.399999999965,8688.2417998343,9022.865622040816,9357.489444247214,Bannockburn
36,203011035,7112,7317,7539,7756,8065,7920.505712890648,9199.299999999988,10371.799999999988,11544.299999999988,8050.3425618489855,8180.179410807323,8310.01625976566,Golden Plains - South
37,203011036,5886,5989,6144,6347,6582,6288.676453746448,7414.599999999977,8289.599999999977,9164.599999999977,6331.643616092566,6374.610778438684,6417.577940784802,Winchelsea
38,203021037,14591,14741,14956,15070,14994,15170.962029474438,15664.899999999994,16232.399999999994,16799.899999999994,15273.35680930398,15375.75158913352,15478.146368963091,Belmont
39,203021039,13199,13323,13419,13471,13477,13942.227166193188,13870.60000000002,14222.60000000002,14574.60000000002,14118.979612038354,14295.73205788352,14472.484503728687,Geelong
40,203021040,20219,20491,20781,21107,21244,21733.48833451711,22634.600000000093,23967.600000000093,25300.600000000093,22075.797381036915,22418.106427556835,22760.415474076755,Geelong West - Hamlyn Heights
41,203021042,23062,23440,23776,23815,24079,24682.852716619265,25320.70000000001,26525.20000000001,27729.70000000001,25011.7134380918,25340.574159564334,25669.43488103687,Highton
42,203021043,19141,19759,20258,20540,20850,21873.19126420468,23048.899999999907,25148.399999999907,27247.899999999907,22438.34223780781,23003.493211411173,23568.644185014302,Lara
43,203021044,13352,13398,13302,13255,13213,14227.952166193281,13009.300000000003,12798.800000000003,12588.300000000003,14504.113287168555,14780.274408143945,15056.435529119335,Leopold
44,203021045,15002,15141,15396,15451,15402,15617.97330433238,16055.399999999994,16610.399999999994,17165.399999999994,15730.72238399621,15843.47146366004,15956.22054332387,Newcomb - Moolap
45,203021046,10551,10598,10612,10539,10406,10947.812273615069,10296.899999999994,10122.399999999994,9947.899999999994,11069.872401751898,11191.932529888727,11313.992658025585,Newtown (Vic.)
46,203021047,15299,15471,15834,15824,15739,16228.774076704576,16496.5,17113.0,17729.5,16441.00607244321,16653.238068181847,16865.470063920482,North Geelong - Bell Park
47,203021485,4765,6031,7348,8809,10315,11617.0,17168.200000000186,24107.200000000186,31046.200000000186,13004.799999999814,14392.600000000093,15780.399999999907,Charlemont
48,203021486,18316,18444,18541,18563,18359,18506.1,18588.1,18690.6,18793.1,18526.6,18547.1,18567.6,Corio - Lovely Banks
49,203021487,21112,22082,22863,23845,24796,25678.90000000014,29331.300000000047,33896.80000000005,38462.30000000005,26592.000000000233,27505.100000000093,28418.200000000186,Grovedale - Mount Duneed
50,203021488,8992,9016,9050,9057,9039,9071.3,9125.3,9192.8,9260.3,9084.8,9098.3,9111.8,Norlane
51,203031048,14141,14747,15556,16111,16716,16554.148135653464,20014.0,23271.0,26528.0,16908.41282256157,17262.67750946968,17616.942196377902,Clifton Springs
52,203031049,5379,5519,5671,5882,6189,5748.649050071021,7116.100000000035,8107.600000000035,9099.100000000035,5769.042114997632,5789.435179924243,5809.828244850847,Lorne - Anglesea
53,203031051,7770,8082,8403,8866,9450,8882.859827769862,11414.999999999884,13486.999999999884,15558.999999999884,9026.155994022207,9169.45216027461,9312.748326526955,Portarlington
54,203031052,4415,4587,4773,5114,5456,4944.081649502841,6695.29999999993,7999.79999999993,9304.29999999993,4982.918451852514,5021.755254202188,5060.592056551846,Point Lonsdale - Queenscliff
55,203031053,20033,20972,22116,23299,24617,24012.985644531203,30253.899999999907,36001.39999999991,41748.89999999991,24628.218359374907,25243.45107421861,25858.683789062314,Torquay
56,203031489,8657,9328,10006,10683,11314,11998.30000000028,14665.90000000014,18000.40000000014,21334.90000000014,12665.200000000186,13332.100000000093,13999.000000000233,Barwon Heads - Armstrong Creek
57,203031490,16804,17413,18094,18733,19384,20029.600000000093,22621.600000000093,25861.600000000093,29101.600000000093,20677.600000000093,21325.600000000093,21973.600000000093,Ocean Grove
58,204011054,6546,6640,6678,6679,6768,6837.64595614346,7000.299999999988,7241.799999999988,7483.299999999988,6892.605984404596,6947.566012665717,7002.526040926852,Alexandra
59,204011055,6426,6542,6652,6766,6864,6671.631369850853,7420.0,7970.0,8520.0,6685.412808504974,6699.194247159092,6712.975685813213,Euroa
60,204011056,14385,14678,15090,15304,15517,16313.512171519804,17017.800000000047,18462.800000000047,19907.800000000047,16739.567533735768,17165.622895951616,17591.67825816758,Kilmore - Broadford
61,204011057,9162,9429,9705,10095,10454,10010.470703125,12044.0,13669.0,15294.0,10105.820638020814,10201.170572916657,10296.5205078125,Mansfield (Vic.)
62,204011058,4104,4186,4246,4380,4507,4446.410051935367,4984.600000000006,5484.600000000006,5984.600000000006,4500.955165423773,4555.500278912179,4610.045392400571,Nagambie
63,204011059,6430,6472,6508,6528,6545,6526.468339399857,6696.800000000003,6839.800000000003,6982.800000000003,6538.0206150864105,6549.5728907729645,6561.125166459518,Seymour
64,204011060,4553,4594,4601,4601,4632,4601.0165704900555,4711.700000000001,4794.200000000001,4876.700000000001,4605.644113991477,4610.271657492896,4614.899200994318,Seymour Surrounds
65,204011061,193,206,215,224,240,215.29675875577072,293.99999999999636,349.99999999999636,405.99999999999636,216.10560929269514,216.91445982961955,217.72331036654396,Upper Yarra Valley
66,204011062,3696,3800,3903,4013,4142,3985.582589444246,4684.299999999988,5236.799999999988,5789.299999999988,4015.9915394176132,4046.4004893909732,4076.8094393643405,Yea
67,204021063,10478,10544,10607,10682,10750,10656.010076349427,11089.599999999991,11430.599999999991,11771.599999999991,10675.993674538346,10695.977272727272,10715.960870916191,Benalla
68,204021064,3634,3673,3683,3746,3752,3708.8104880593046,3913.899999999994,4068.399999999994,4222.899999999994,3713.547770922113,3718.28505378492,3723.0223366477285,Benalla Surrounds
69,204021065,3932,3972,4007,4021,4019,4053.424698153409,4146.299999999996,4257.799999999996,4369.299999999996,4073.101974579782,4092.7792510061554,4112.456527432529,Rutherglen
70,204021066,19183,19453,19600,19683,19877,20000.140696022718,20691.800000000047,21500.800000000047,22309.800000000047,20147.60060961172,20295.06052320078,20442.520436789782,Wangaratta
71,204021067,9753,9788,9803,9785,9863,9853.747838245741,9950.300000000003,10058.800000000003,10167.300000000003,9872.298514441289,9890.849190636836,9909.399866832391,Wangaratta Surrounds
72,204031068,4733,4797,4868,4930,4954,4999.00483176492,5258.899999999994,5546.399999999994,5833.899999999994,5047.33494392164,5095.66505607836,5143.995168235095,Beechworth
73,204031069,8394,8518,8583,8720,8848,8704.698837002841,9389.600000000006,9944.600000000006,10499.600000000006,8739.340367542609,8773.981898082391,8808.623428622159,Bright - Mount Beauty
74,204031070,3115,3116,3146,3162,3158,3159.5230568625702,3231.7999999999993,3297.7999999999993,3363.7999999999993,3166.6852368903874,3173.8474169182045,3181.0095969460235,Chiltern - Indigo Valley
75,204031071,4736,4730,4730,4726,4716,4749.58065518466,4696.799999999999,4674.799999999999,4652.799999999999,4756.171172170929,4762.761689157198,4769.352206143467,Myrtleford
76,204031072,6041,6072,6109,6132,6153,6113.933027787643,6300.199999999997,6442.199999999997,6584.199999999997,6120.161188299007,6126.3893488103695,6132.617509321733,Towong
77,204031073,15197,15234,15285,15337,15357,15718.427259410499,15578.099999999991,15789.599999999991,16001.099999999991,15856.421472537855,15994.415685665212,16132.409898792626,West Wodonga
78,204031075,4660,4773,4900,5043,5187,4967.659093128546,5839.399999999965,6501.399999999965,7163.399999999965,4994.909028764203,5022.158964399852,5049.408900035509,Yackandandah
79,204031491,10059,10734,11356,12023,12782,13411.300000000047,16105.300000000047,19472.800000000047,22840.300000000047,14084.800000000047,14758.300000000047,15431.800000000047,Baranduda - Leneva
80,204031492,15557,15531,15387,15228,15044,14950.70000000007,14419.100000000035,13754.600000000035,13090.100000000035,14817.800000000047,14684.900000000023,14552.000000000058,Wodonga
81,205011076,17107,17762,18422,19164,19790,20378.124325284036,23186.59999999986,26570.59999999986,29954.59999999986,21023.048440459417,21667.972555634566,22312.896670809714,Drouin
82,205011077,6168,6253,6349,6423,6539,6340.309284002131,6984.799999999988,7440.799999999988,7896.799999999988,6345.644069602273,6350.978855202415,6356.313640802557,Mount Baw Baw Region
83,205011078,7980,8052,8098,8153,8313,8533.824995561037,8656.100000000006,9039.600000000006,9423.100000000006,8670.712091619265,8807.599187677552,8944.48628373578,Trafalgar (Vic.)
84,205011079,19753,20478,21251,22055,23080,22726.019451349508,27085.09999999986,31200.59999999986,35316.09999999986,23222.453098366503,23718.886745383614,24215.32039240061,Warragul
85,205021080,3,3,3,3,0,1.7727273605468667,-1.7999999999999545,-4.7999999999999545,-7.7999999999999545,1.5909092083247174,1.4090910561026249,1.2272729038805323,Alps - East
86,205021081,15162,15391,15528,15538,15648,16240.405584161927,16236.700000000012,16796.20000000001,17355.70000000001,16492.410585345642,16744.4155865293,16996.420587713015,Bairnsdale
87,205021082,7960,8007,8048,8111,8238,8234.010196200281,8534.800000000003,8864.800000000003,9194.800000000003,8288.847718394885,8343.68524058949,8398.52276278408,Bruthen - Omeo
88,205021083,0,0,0,0,0,5.295015291347652e-08,0.0,0.0,0.0,6.640112136739975e-08,7.985208982132298e-08,9.330305827524621e-08,Lake King
89,205021084,10207,10414,10634,10855,11091,10911.16593572442,12186.5,13291.0,14395.5,11012.290582090442,11113.415228456433,11214.539874822454,Lakes Entrance
90,205021085,6503,6527,6561,6608,6690,6485.772325550424,6896.300000000003,7123.800000000003,7351.300000000003,6461.6350460168105,6437.4977664831895,6413.360486949576,Orbost
91,205021086,6451,6592,6730,6783,6897,7075.308125443873,7448.700000000012,7990.200000000012,8531.700000000012,7201.054572088062,7326.801018732222,7452.54746537641,Paynesville
92,205031087,8969,9021,9114,9276,9377,9233.841805752832,9901.099999999977,10436.599999999977,10972.099999999977,9266.303306995731,9298.76480823863,9331.226309481528,Foster
93,205031088,119,124,128,133,138,116.53473555824985,161.29999999999927,184.79999999999927,208.29999999999927,113.34750775423981,110.16027995022887,106.97305214621792,French Island
94,205031089,9342,9442,9581,9742,9783,9866.301012073847,10405.399999999994,10996.399999999994,11587.399999999994,9964.397537878773,10062.494063683698,10160.590589488624,Korumburra
95,205031090,11230,11317,11402,11417,11434,11708.087304687506,11715.599999999991,11969.599999999991,12223.599999999991,11820.278857421887,11932.470410156267,12044.661962890648,Leongatha
96,205031091,11275,11888,12452,13047,13724,12919.996914950316,16717.100000000093,19745.600000000093,22774.100000000093,13101.445016572019,13282.893118193664,13464.341219815367,Phillip Island
97,205031092,13,14,14,15,15,10.304545459775682,17.700000000000045,20.200000000000045,22.700000000000045,9.351515157043877,8.3984848543123,7.445454551580497,Wilsons Promontory
98,205031093,23270,23966,24739,25631,26723,26149.64412286936,30865.5,35151.0,39436.5,26604.85956439399,27060.07500591851,27515.29044744314,Wonthaggi - Inverloch
99,205041094,11607,11632,11679,11763,11855,11798.111150568177,12146.100000000006,12459.600000000006,12773.100000000006,11831.275250059174,11864.439349550186,11897.603449041184,Churchill
100,205041095,16906,16985,17075,17173,17263,17146.693883167616,17711.79999999999,18162.79999999999,18613.79999999999,17178.407726680874,17210.121570194126,17241.835413707384,Moe - Newborough
101,205041096,14042,14094,14157,14258,14393,14232.422310014204,14794.99999999997,15227.99999999997,15660.99999999997,14253.924624171399,14275.426938328594,14296.929252485796,Morwell
102,205041098,4637,4622,4626,4649,4691,4688.47355513139,4739.5,4807.0,4874.5,4702.838068181816,4717.202581232243,4731.567094282669,Yallourn North - Glengarry
103,205041493,11690,11769,11848,11907,11966,12043.0,12319.0,12664.0,13009.0,12112.0,12181.0,12250.0,Traralgon - East
104,205041494,16015,16259,16489,16679,16769,17020.600000000035,17791.800000000047,18755.800000000047,19719.800000000047,17213.40000000008,17406.20000000007,17599.00000000006,Traralgon - West
105,205051099,24,24,23,23,23,17.031818274681882,21.299999999999955,19.799999999999955,18.299999999999955,15.427272842848197,13.822727411014057,12.218181979180372,Alps - West
106,205051100,4446,4522,4655,4777,4901,4703.734443803267,5475.700000000012,6058.200000000012,6640.700000000012,4727.260195460462,4750.785947117656,4774.311698774858,Longford - Loch Sport
107,205051101,14125,14244,14400,14574,14693,14676.62426313918,15433.400000000023,16166.400000000023,16899.400000000023,14771.847654770361,14867.071046401514,14962.294438032666,Maffra
108,205051102,4853,4895,4913,4861,4909,4953.042950994313,4940.800000000001,4979.800000000001,5018.800000000001,4974.949660422586,4996.8563698508515,5018.763079279117,Rosedale
109,205051103,14906,14974,15057,15148,15259,15398.833172052546,15684.799999999988,16124.799999999988,16564.79999999999,15507.516412168567,15616.199652284558,15724.88289240058,Sale
110,205051104,5401,5433,5469,5538,5556,5507.1208207563905,5769.899999999994,5977.399999999994,6184.899999999994,5518.650706528173,5530.180592299952,5541.710478071731,Yarram
111,206011106,12149,12382,12588,13045,12963,13957.065127840964,14229.100000000035,15374.600000000035,16520.100000000035,14362.951885061571,14768.838642282179,15174.725399502902,Brunswick East
112,206011107,14549,14685,14840,14991,14499,15560.835795454506,14857.000000000004,14960.000000000004,15063.000000000004,15807.162713068188,16053.489630681812,16299.816548295435,Brunswick West
113,206011109,10693,10825,10861,10819,10461,11207.728724254237,10402.800000000003,10167.800000000003,9932.800000000003,11352.201485558704,11496.674246863171,11641.14700816758,Pascoe Vale South
114,206011495,13725,13923,14016,14116,13091,13451.700000000012,13021.700000000012,12484.200000000012,11946.700000000012,13344.200000000012,13236.700000000012,13129.200000000012,Brunswick - North
115,206011496,13979,14192,14326,14221,13215,13536.899999999965,12937.299999999988,12187.799999999988,11438.299999999988,13386.999999999942,13237.099999999977,13087.199999999953,Brunswick - South
116,206011497,13325,13368,13382,13245,12672,12769.70000000007,12198.100000000035,11483.600000000035,10769.100000000035,12626.800000000047,12483.900000000023,12341.000000000058,Coburg - East
117,206011498,14623,14688,14615,14505,14187,14207.100000000006,13785.100000000006,13257.600000000006,12730.100000000006,14101.600000000006,13996.100000000006,13890.600000000006,Coburg - West
118,206021110,9470,9409,9459,9527,9072,9899.774449573888,8912.799999999988,8573.799999999988,8234.799999999988,10053.050548946543,10206.32664831914,10359.602747691795,Alphington - Fairfield
119,206021112,19711,19699,19708,19763,19152,20493.727982954588,18868.79999999999,18341.79999999999,17814.79999999999,20758.860825047363,21023.993667140137,21289.126509232912,Thornbury
120,206021499,16000,16077,16150,16162,15230,15487.299999999988,14905.299999999988,14177.799999999988,13450.299999999988,15341.799999999988,15196.299999999988,15050.799999999988,Northcote - East
121,206021500,10630,10808,10861,10874,10427,10618.0,10482.0,10312.0,10142.0,10584.0,10550.0,10516.0,Northcote - West
122,206031113,15676,15740,15758,15762,15351,16752.327405894874,15217.800000000017,14903.800000000017,14589.800000000017,17086.75920040242,17421.19099491008,17755.622789417626,Ascot Vale
123,206031115,10663,10650,10454,10263,9190,11197.109517045435,7910.900000000023,6244.400000000023,4577.900000000023,11466.470343572437,11735.831170099438,12005.19199662644,Flemington
124,206031116,15489,15768,16081,16621,16406,17921.96742720157,17953.900000000023,19297.400000000023,20640.900000000023,18491.704962712945,19061.44249822432,19631.180033735698,Moonee Ponds
125,206031501,16826,16924,16960,16901,16180,16363.700000000012,15837.700000000012,15180.200000000012,14522.700000000012,16232.200000000012,16100.700000000012,15969.200000000012,Essendon (West) - Aberfeldie
126,206031502,12501,12601,12684,12744,12313,12498.700000000004,12405.5,12289.0,12172.5,12475.400000000001,12452.099999999999,12428.800000000003,Essendon - East
127,206041117,20669,20869,21088,20943,17198,22380.686780894874,15345.800000000047,11911.800000000047,8477.800000000047,22982.112716027303,23583.538651159965,24184.964586292626,Carlton
128,206041118,13923,15439,16375,16678,15942,18659.680300070904,19365.300000000047,22003.800000000047,24642.300000000047,19519.09753491939,20378.514769767877,21237.932004616363,Docklands
129,206041119,5495,5409,5413,5378,4962,5748.581449751422,4563.5,4015.0,3466.5,5864.590097508306,5980.598745265161,6096.6073930220155,East Melbourne
130,206041120,88,86,83,81,78,633.8304964932613,65.69999999999982,53.19999999999982,40.69999999999982,817.8731049508788,1001.9157134085544,1185.958321866172,Flemington Racecourse
131,206041121,11535,11485,11600,11402,10874,12300.339146839455,10395.700000000012,9693.200000000012,8990.700000000012,12596.82960168086,12893.320056522265,13189.810511363554,Kensington (Vic.)
132,206041124,8182,8243,8294,8321,7446,8743.720876242907,7121.400000000023,6424.400000000023,5727.400000000023,8939.521542080969,9135.322207919031,9331.122873757093,Parkville
133,206041125,6831,6954,7052,6955,6542,7141.370794122864,6462.899999999994,6174.399999999994,5885.899999999994,7223.858868223266,7306.346942323638,7388.835016424011,South Yarra - West
134,206041127,3,3,3,0,0,1.3500000971962436,-4.5,-9.0,-13.5,1.2000001317398414,1.0500001662834393,0.9000002008270371,West Melbourne - Industrial
135,206041503,11893,12346,12569,12398,10205,10885.0,9555.400000000023,7893.400000000023,6231.400000000023,10552.600000000093,10220.20000000007,9887.800000000047,Melbourne CBD - East
136,206041504,15810,17150,18394,19192,17439,19187.0,21307.0,23957.0,26607.0,19717.0,20247.0,20777.0,Melbourne CBD - North
137,206041505,16896,18119,18780,18835,16179,17546.399999999965,17259.199999999983,16900.199999999983,16541.199999999983,17474.599999999977,17402.79999999999,17330.99999999997,Melbourne CBD - West
138,206041506,17005,17592,17955,18171,15998,16913.70000000001,16339.700000000012,15622.200000000012,14904.700000000012,16770.20000000001,16626.70000000001,16483.20000000001,North Melbourne
139,206041507,0,0,0,0,0,0.0,0.0,0.0,0.0,0.0,0.0,0.0,Royal Botanic Gardens Victoria
140,206041508,7448,7563,7706,7563,6635,6895.200000000012,6244.799999999988,5431.799999999988,4618.799999999988,6732.599999999977,6570.0,6407.400000000023,Southbank (West) - South Wharf
141,206041509,14132,15596,16707,17307,16538,18012.899999999907,20622.09999999986,23883.59999999986,27145.09999999986,18665.199999999953,19317.5,19969.800000000047,Southbank - East
142,206041510,6082,6595,7087,7561,7619,8200.800000000047,9816.800000000047,11836.800000000047,13856.800000000047,8604.800000000047,9008.800000000047,9412.800000000047,West Melbourne - Residential
143,206051128,16495,16720,17071,16942,16023,17509.931045809702,16144.800000000017,15783.800000000017,15422.800000000017,17757.33736683242,18004.743687855138,18252.150008877856,Albert Park
144,206051129,16383,16259,16191,15910,15041,16547.130832741444,13833.70000000007,12317.20000000007,10800.70000000007,16711.395010653418,16875.659188565332,17039.923366477247,Elwood
145,206051130,17487,17344,17297,16981,16373,17759.62948330969,15282.699999999953,13987.199999999953,12691.699999999953,17948.557972301147,18137.486461292603,18326.414950284117,Port Melbourne
146,206051134,17562,17646,17704,17245,16085,17843.34493075282,14899.900000000023,13222.400000000023,11544.900000000023,17999.11432587594,18154.88372099906,18310.65311612212,St Kilda East
147,206051511,375,783,1281,1705,1942,2434.0,4056.4000000000233,6084.400000000023,8112.400000000023,2839.600000000093,3245.20000000007,3650.8000000000466,Port Melbourne Industrial
148,206051512,12507,12708,12753,12707,11860,12118.5,11600.5,10953.0,10305.5,11989.0,11859.5,11730.0,South Melbourne
149,206051513,13312,13584,13670,13373,12100,12417.300000000047,11363.300000000047,10045.800000000047,8728.300000000047,12153.800000000047,11890.300000000047,11626.800000000047,St Kilda - Central
150,206051514,15374,15644,15759,15638,14104,14540.0,13521.599999999977,12248.599999999977,10975.599999999977,14285.400000000023,14030.799999999988,13776.200000000012,St Kilda - West
151,206061135,9632,9899,10036,10063,9436,10491.20893998578,9653.599999999999,9539.599999999999,9425.599999999999,10690.840805516113,10890.472671046387,11090.10453657672,Armadale
152,206061136,21364,21276,21081,20831,19460,22150.99910333811,17825.300000000047,15698.800000000047,13572.300000000047,22548.01890684187,22945.03871034563,23342.058513849508,Prahran - Windsor
153,206061138,13958,13947,13903,13627,13098,14055.52716175426,12278.599999999977,11258.599999999977,10238.599999999977,14151.294210168096,14247.061258581933,14342.82830699574,Toorak
154,206061515,11631,12061,12244,12212,11456,11861.099999999999,11781.500000000007,11682.000000000007,11582.500000000007,11841.199999999997,11821.300000000003,11801.400000000001,South Yarra - North
155,206061516,11516,11765,11810,11291,10125,10324.599999999977,9022.199999999953,7394.199999999953,5766.199999999953,9999.0,9673.399999999907,9347.79999999993,South Yarra - South
156,206071139,9288,9522,9586,9662,9262,10418.867511541233,9525.600000000002,9569.600000000002,9613.600000000002,10702.943792909617,10987.020074277883,11271.096355646267,Abbotsford
157,206071140,9023,9020,8988,8891,8295,9023.42334428268,7733.900000000023,6941.400000000023,6148.900000000023,9069.76237127131,9116.101398259954,9162.440425248584,Carlton North - Princes Hill
158,206071141,9439,9597,9817,9953,9348,10562.601833274122,9752.599999999995,9839.599999999995,9926.599999999995,10850.555591560085,11138.509349846048,11426.463108132128,Collingwood
159,206071142,11325,11364,11363,11284,10609,11919.934472656285,10130.600000000035,9374.600000000035,8618.600000000035,12136.185595703137,12352.436718749988,12568.687841796898,Fitzroy
160,206071143,13249,13330,13521,13648,12955,13959.929305752856,13151.599999999999,13016.599999999999,12881.599999999999,14151.327428089513,14342.72555042617,14534.123672762827,Fitzroy North
161,206071145,9675,9761,9984,10151,9980,11287.152756569558,10610.200000000012,11110.200000000012,11610.200000000012,11729.369196851272,12171.585637132986,12613.8020774147,Clifton Hill - Alphington
162,206071517,18735,18946,19060,18899,17972,18250.5,17621.29999999999,16834.79999999999,16048.299999999988,18093.199999999953,17935.899999999965,17778.599999999977,Richmond (South) - Cremorne
163,206071518,14541,14764,15067,15011,14083,14492.5,14224.899999999994,13890.399999999994,13555.899999999994,14425.599999999977,14358.699999999983,14291.799999999988,Richmond - North
164,207011146,8175,8245,8292,8301,8025,8416.469038529816,8036.800000000003,7914.800000000003,7792.800000000003,8482.107192530762,8547.745346531708,8613.383500532655,Ashburton (Vic.)
165,207011147,16914,17072,17144,17015,16332,17272.78231534091,16040.700000000012,15430.200000000012,14819.700000000012,17386.073109019897,17499.363902698882,17612.65469637784,Balwyn
166,207011148,21609,21765,21916,21904,21411,22168.30290305399,21541.100000000006,21412.600000000006,21284.100000000006,22310.974502840952,22453.646102627856,22596.317702414817,Balwyn North
167,207011149,22791,22799,22823,22583,21512,23609.999334161985,20559.800000000047,19172.800000000047,17785.800000000047,23933.48138612695,24256.963438091916,24580.44549005688,Camberwell
168,207011150,17349,17408,17495,17354,17010,17848.676695667615,16810.800000000017,16444.800000000017,16078.800000000017,18007.823384232935,18166.970072798315,18326.116761363635,Glen Iris - East
169,207011152,16466,16670,16749,16689,15898,17627.11161221587,15712.5,15154.0,14595.5,17962.74846709275,18298.385321969632,18634.022176846513,Hawthorn East
170,207011154,6842,6782,6778,6776,6557,6974.197338867205,6343.800000000003,6055.800000000003,5767.800000000003,7041.241845703131,7108.286352539057,7175.330859375012,Kew East
171,207011155,17114,17129,17084,16769,16090,17421.247292258544,15151.599999999977,13947.599999999977,12743.599999999977,17582.900464607053,17744.553636955505,17906.206809304014,Surrey Hills (West) - Canterbury
172,207011519,11355,11279,11077,10863,10037,10006.59999999986,8785.79999999993,7259.79999999993,5733.79999999993,9701.399999999907,9396.199999999953,9090.999999999884,Hawthorn - North
173,207011520,13378,13504,13617,13353,12151,12419.099999999977,11377.099999999977,10074.599999999977,8772.099999999977,12158.599999999977,11898.099999999977,11637.599999999977,Hawthorn - South
174,207011521,12625,12642,12589,12374,11725,11770.599999999977,10943.399999999965,9909.399999999965,8875.399999999965,11563.799999999988,11357.0,11150.200000000012,Kew - South
175,207011522,13973,14000,13983,13741,13153,13200.299999999988,12440.700000000012,11491.200000000012,10541.700000000012,13010.400000000023,12820.5,12630.599999999977,Kew - West
176,207021156,11580,11622,11615,11642,11371,12038.990487393457,11287.400000000009,11088.400000000009,10889.400000000009,12184.579755563464,12330.169023733411,12475.758291903418,Bulleen
177,207021157,22697,23218,24147,25083,25172,25850.153524502646,28833.899999999907,32241.399999999907,35648.89999999991,26415.966864938382,26981.780205373885,27547.59354580962,Doncaster
178,207021159,17706,17668,17658,17527,17105,17743.717702414768,16592.699999999953,15921.199999999953,15249.699999999953,17802.09079663825,17860.46389086175,17918.836985085232,Templestowe
179,207021160,14397,14407,14425,14559,14278,14737.997345525568,14353.0,14310.0,14267.0,14837.962656841846,14937.927968158125,15037.893279474432,Templestowe Lower
180,207021424,15507,15703,15940,16127,15792,16392.75615234376,16509.600000000006,17006.600000000006,17503.600000000006,16572.509212239587,16752.262272135413,16932.01533203124,Doncaster East - North
181,207021425,14921,15108,15750,15920,15593,15988.26900745742,16967.600000000035,18045.600000000035,19123.600000000035,16168.427885298326,16348.586763139232,16528.745640980138,Doncaster East - South
182,207031161,22593,22727,22910,23003,22360,23611.651873224415,22585.6,22490.6,22395.6,23888.984706439427,24166.317539654323,24443.650372869335,Blackburn
183,207031162,11293,11346,11374,11328,11022,11456.096786221591,10880.600000000006,10600.600000000006,10320.600000000006,11514.196731474905,11572.29667672822,11630.396621981534,Blackburn South
184,207031163,21747,22686,23420,24101,23232,25607.831223366316,26106.699999999953,28299.199999999953,30491.699999999953,26404.009659090778,27200.18809481524,27996.3665305397,Box Hill
185,207031164,18557,18653,18749,18887,18304,19043.73844992899,18439.600000000006,18303.600000000006,18167.600000000006,19174.25510179921,19304.771753669484,19435.28840553976,Box Hill North
186,207031165,13249,13390,13447,13467,12543,14355.832510653418,12284.700000000012,11617.200000000012,10949.700000000012,14692.969235321973,15030.105959990527,15367.242684659082,Burwood (Vic.)
187,207031166,10836,10892,10965,11041,10778,11974.540189985768,10925.5,10942.0,10958.5,12310.35543767747,12646.170685369289,12981.98593306099,Burwood East
188,207031167,10559,10657,10743,10660,10262,10827.400710227288,10162.5,9867.0,9571.5,10906.443465909106,10985.486221590923,11064.528977272741,Surrey Hills (East) - Mont Albert
189,208011168,14269,14423,14391,14343,14124,14677.176913174713,14051.0,13866.0,13681.0,14784.42949514679,14891.682077118836,14998.934659090912,Beaumaris
190,208011169,24484,24530,24443,24110,23053,24922.508069957374,21826.599999999977,20185.599999999977,18544.599999999977,25140.710046756605,25358.912023555837,25577.114000355126,Brighton (Vic.)
191,208011170,16792,16903,16978,16989,16695,17215.898384232976,16795.799999999996,16741.799999999996,16687.799999999996,17323.156232244335,17430.414080255694,17537.671928267053,Brighton East
192,208011171,11755,12139,12349,12582,12541,12953.922665127844,13683.700000000012,14691.200000000012,15698.700000000012,13173.556741240493,13393.1908173532,13612.824893465906,Highett (West) - Cheltenham
193,208011172,18727,18804,18894,18972,18406,19466.61532315344,18428.79999999999,18191.79999999999,17954.79999999999,19679.933460582397,19893.251598011353,20106.569735440367,Hampton
194,208011173,17594,17746,17974,17885,17518,18482.66218927561,17734.300000000003,17727.800000000003,17721.300000000003,18705.408229758556,18928.154270241503,19150.90031072445,Sandringham - Black Rock
195,208021174,24138,24581,25151,25411,25201,25510.05167791195,26965.600000000093,28443.600000000093,29921.600000000093,25722.989556699817,25935.927435487683,26148.86531427555,Bentleigh - McKinnon
196,208021176,19281,19541,19673,19659,18803,20631.496351207374,18804.79999999999,18385.79999999999,17966.79999999999,20992.88306107954,21354.26977095171,21715.656480823876,Carnegie
197,208021177,22842,23028,23156,23380,22739,24118.3380504261,23131.2,23204.2,23277.2,24454.127331912867,24789.916613399633,25125.7058948864,Caulfield - North
198,208021178,18550,18730,18788,18691,18232,19063.713281249977,18125.70000000001,17788.20000000001,17450.70000000001,19206.737434895826,19349.761588541616,19492.785742187465,Caulfield - South
199,208021179,12236,12408,12504,12494,12032,12880.166281960206,12109.400000000001,11948.400000000001,11787.399999999994,13047.197191642947,13214.228101325745,13381.259011008486,Elsternwick
200,208021180,8053,7991,7920,7948,7644,8405.354301313928,7308.500000000029,6878.000000000029,6447.500000000029,8549.617856297351,8693.881411280774,8838.144966264197,Hughesdale
201,208021181,9891,9891,9870,9761,9471,10134.200181995722,9097.799999999988,8612.799999999988,8127.799999999988,10237.149165482959,10340.098148970166,10443.047132457374,Murrumbeena
202,208021182,14132,14208,14258,14193,13298,14623.774010120775,12839.699999999953,11998.199999999953,11156.699999999953,14798.453315873572,14973.132621626428,15147.811927379284,Ormond - Glen Huntly
203,208021426,15707,15973,16393,16790,16756,17662.59469105117,18364.300000000047,19821.800000000047,21279.300000000047,18114.192696496146,18565.790701941238,19017.38870738633,Bentleigh East - North
204,208021427,13868,13931,14015,14103,14153,14456.29184570309,14533.399999999994,14904.399999999994,15275.399999999994,14596.264111328113,14736.236376953137,14876.208642578102,Bentleigh East - South
205,208031183,9395,9372,9319,9179,8927,9364.10483398437,8448.099999999977,7883.599999999977,7319.099999999977,9397.718538411456,9431.332242838529,9464.945947265616,Aspendale Gardens - Waterways
206,208031184,54,47,41,34,28,46.333184190229986,-4.700000000000728,-37.20000000000073,-69.70000000000073,47.446029009963695,48.55887382969695,49.67171864943066,Braeside
207,208031185,12214,12323,12321,12252,12115,12759.153879616468,12056.700000000004,11922.200000000004,11787.700000000004,12917.69777758047,13076.24167554453,13234.785573508532,Carrum - Patterson Lakes
208,208031186,15049,15197,15300,15403,15314,15878.51664595172,15767.799999999988,16135.799999999988,16503.79999999999,16076.226089015137,16273.935532078613,16471.64497514203,Chelsea - Bonbeach
209,208031187,5554,5561,5581,5556,5428,5639.052747691763,5356.0999999999985,5227.5999999999985,5099.0999999999985,5672.317265181118,5705.581782670459,5738.846300159799,Chelsea Heights
210,208031188,23748,24220,24496,24775,24355,26182.63856534101,25557.099999999977,26441.599999999977,27326.099999999977,26761.331344696926,27340.024124053074,27918.716903409222,Highett (East) - Cheltenham
211,208031189,13431,13614,13805,13754,13663,14000.96040482953,14076.199999999997,14378.199999999997,14680.199999999997,14114.631739760865,14228.30307469223,14341.974409623566,Edithvale - Aspendale
212,208031190,13778,13802,13870,13838,13304,14514.302774325304,13080.0,12624.0,12168.0,14752.20110381156,14990.099433297815,15227.997762784129,Mentone
213,208031191,9393,9453,9527,9438,9198,10075.950581498619,9118.300000000003,8915.800000000003,8713.300000000003,10283.550665838062,10491.150750177563,10698.750834517065,Moorabbin - Heatherton
214,208031192,5,10,16,21,26,11.104545476558542,52.70000000000073,79.20000000000073,105.70000000000073,10.201515181204513,9.298484885850485,8.395454590496684,Moorabbin Airport
215,208031193,21072,21341,21692,21752,21429,22146.806187855138,22244.70000000001,22807.20000000001,23369.70000000001,22370.611828243418,22594.41746863164,22818.22310901992,Mordialloc - Parkdale
216,208041194,21222,21366,21578,21438,20482,22129.081143465824,20231.599999999977,19527.599999999977,18823.599999999977,22397.84703480103,22666.612926136353,22935.37881747156,Malvern - Glen Iris
217,208041195,22779,22973,23087,23062,22221,24068.254900568165,22105.5,21592.0,21078.5,24442.661464251927,24817.068027935573,25191.474591619335,Malvern East
218,209011196,10308,10353,10365,10285,9925,10502.267507102282,9663.399999999994,9246.399999999994,8829.399999999994,10574.851050544501,10647.434593986749,10720.018137428968,Bundoora - East
219,209011197,21403,21444,21455,21346,20997,21852.595392400515,20692.0,20237.0,19782.0,22010.90728574805,22169.219179095642,22327.531072443177,Greensborough
220,209011198,15891,16142,16481,16627,16202,17379.744566761423,17043.5,17597.0,18150.5,17730.83526574343,18081.925964725437,18433.016663707444,Heidelberg - Rosanna
221,209011199,15047,15190,15527,15518,15038,16037.900168679014,15481.0,15636.0,15791.0,16275.40975674719,16512.919344815367,16750.428932883544,Heidelberg West
222,209011200,12317,12634,12853,12867,12561,13357.314151278406,13151.099999999977,13511.599999999977,13872.099999999977,13578.824199514638,13800.334247750929,14021.84429598716,Ivanhoe
223,209011201,8121,8130,8138,7975,7801,8188.584250710235,7476.5,7079.0,6681.5,8235.228360262787,8281.872469815338,8328.516579367904,Ivanhoe East - Eaglemont
224,209011202,16858,16907,16940,16880,16658,17100.45446555398,16549.699999999983,16336.199999999983,16122.699999999983,17177.571735913836,17254.689006273693,17331.80627663355,Montmorency - Briar Hill
225,209011203,19111,19205,19225,19162,18891,19153.11094637784,18780.70000000001,18539.20000000001,18297.70000000001,19168.816930042613,19184.522913707387,19200.22889737216,Viewbank - Yallambie
226,209011204,9545,9543,9494,9461,9303,9654.546972656244,9073.0,8790.0,8507.0,9710.048453776035,9765.549934895826,9821.051416015616,Watsonia
227,209021205,12093,12068,11789,11521,10564,12472.044766512758,9083.5,7281.0,5478.5,12707.0686331084,12942.092499704042,13177.116366299684,Kingsbury
228,209021428,21430,21526,21591,21716,20997,23761.946972656297,20978.800000000017,20640.800000000017,20302.800000000017,24471.891666666605,25181.836360677145,25891.781054687453,Preston - East
229,209021429,13029,13115,13229,13263,12828,14638.86402698874,12915.0,12788.0,12661.0,15116.611413944163,15594.358800899703,16072.106187855126,Preston - West
230,209021523,15349,15485,15573,15546,14989,15190.699999999983,14927.099999999977,14597.599999999977,14268.099999999977,15124.79999999996,15058.899999999965,14992.99999999997,Reservoir - North East
231,209021524,10466,10445,10409,10337,9887,9929.00000000003,9422.600000000035,8789.600000000035,8156.600000000035,9802.400000000023,9675.800000000017,9549.20000000004,Reservoir - North West
232,209021525,13355,13413,13460,13383,12941,13053.0,12709.799999999988,12280.799999999988,11851.799999999988,12967.200000000012,12881.399999999994,12795.600000000006,Reservoir - South East
233,209021526,14929,14954,14933,14781,14248,14308.5,13694.5,12927.0,12159.5,14155.0,14001.5,13848.0,Reservoir - South West
234,209031209,24061,24107,24129,24083,23711,24326.82201704546,23511.399999999994,23149.399999999994,22787.399999999994,24421.256264796393,24515.690512547357,24610.12476029829,Eltham
235,209031210,3623,3622,3618,3625,3573,3651.783718039773,3544.300000000003,3495.800000000003,3447.300000000003,3665.2755622632576,3678.7674064867424,3692.259250710227,Hurstbridge
236,209031211,4047,4117,4148,4164,4235,4300.115094549008,4438.299999999988,4649.799999999988,4861.299999999988,4353.0677431048825,4406.0203916607425,4458.973040216617,Kinglake
237,209031212,5425,5403,5318,5231,5124,5453.62236550072,4758.399999999994,4371.399999999994,3984.399999999994,5496.810970791907,5539.999576083108,5583.188181374295,Panton Hill - St Andrews
238,209031213,9834,9850,9860,9751,9522,9989.734898792638,9257.299999999988,8895.799999999988,8534.299999999988,10058.428153113171,10127.121407433733,10195.814661754266,Plenty - Yarrambat
239,209031214,7026,7015,6993,6987,6985,7040.923674982245,6924.200000000001,6869.200000000001,6814.200000000001,7054.278065814393,7067.632456646545,7080.986847478693,Research - North Warrandyte
240,209031215,14417,14496,14484,14560,14539,14833.181911399122,14714.799999999996,14868.799999999996,15022.799999999996,14940.64909741949,15048.116283439856,15155.583469460224,Wattle Glen - Diamond Creek
241,209041216,7984,8001,7871,7753,7429,8703.505464311107,6856.999999999942,6177.999999999942,5498.999999999942,8967.71935073391,9231.933237156714,9496.147123579518,Bundoora - North
242,209041217,6454,6467,6472,6456,6239,6792.614071377815,6108.900000000009,5888.400000000009,5667.900000000009,6904.826516631147,7017.038961884449,7129.251407137781,Bundoora - West
243,209041220,18633,18586,18461,18255,17647,18531.970294744315,16704.29999999999,15552.799999999988,14401.299999999988,18586.019395123105,18640.068495501895,18694.117595880685,Mill Park - North
244,209041221,12412,12242,12037,11883,11342,12207.835844282672,10233.900000000023,8984.400000000023,7734.900000000023,12263.738901219229,12319.641958155771,12375.545015092328,Mill Park - South
245,209041223,21482,21445,21351,21152,20211,21758.6363103693,19143.699999999953,17726.199999999953,16308.699999999953,21951.679876893933,22144.723443418567,22337.7670099432,Thomastown
246,209041224,17606,18718,20058,21497,22933,27014.681658380665,29565.5,36282.0,42998.5,29428.326177793555,31841.970697206445,34255.615216619335,Wallan
247,209041225,8779,9108,9417,9777,10747,15098.944220525678,12789.099999999977,15091.599999999977,17394.099999999977,17036.905072206166,18974.86592388712,20912.82677556807,Whittlesea
248,209041431,13868,13921,13916,13776,13272,14569.397048117884,12814.700000000012,12146.200000000012,11477.700000000012,14822.81097892992,15076.224909741955,15329.638840553991,Epping - East
249,209041432,8763,8777,8759,8645,8282,8818.83138316762,7879.399999999994,7332.399999999994,6785.399999999994,8868.12429569129,8917.41720821496,8966.710120738644,Epping - South
250,209041433,12104,12421,12586,12536,12280,13208.62707741477,12712.300000000003,12945.800000000003,13179.300000000003,13454.775920336193,13700.924763257615,13947.07360617898,Epping (Vic.) - West
251,209041435,12858,12940,12996,12923,12713,14141.194881924777,12671.100000000006,12517.600000000006,12364.100000000006,14542.7271513968,14944.25942086894,15345.791690340964,South Morang - North
252,209041436,12695,12759,12799,12839,12514,13127.359889914776,12523.800000000003,12382.800000000003,12241.800000000003,13247.6910082268,13368.022126538825,13488.353244850849,South Morang - South
253,209041437,11897,14515,17265,20910,24762,26012.91225142032,40357.299999999814,56419.799999999814,72482.29999999981,28745.336310368963,31477.760369317606,34210.18442826718,Wollert
254,209041527,15307,15838,16045,16293,16477,16830.5,17948.5,19346.0,20743.5,17110.0,17389.5,17669.0,Doreen - North
255,209041528,7775,8488,9355,10117,10587,11440.300000000047,14341.499999999767,17967.999999999767,21594.499999999767,12165.600000000093,12890.899999999907,13616.199999999953,Doreen - South
256,209041529,10619,10631,10584,10418,10032,10040.700000000012,9485.900000000023,8792.400000000023,8098.900000000023,9902.0,9763.300000000047,9624.600000000035,Lalor - East
257,209041530,13586,13728,13834,13887,13631,13807.899999999994,13907.499999999993,14031.999999999993,14156.499999999993,13832.799999999996,13857.69999999999,13882.599999999991,Lalor - West
258,209041531,9697,10428,11098,11455,11550,12265.5,14158.699999999953,16525.199999999953,18891.699999999953,12738.800000000047,13212.099999999977,13685.400000000023,Mernda - North
259,209041532,9411,10122,10979,11622,12084,12897.40000000014,15635.800000000047,19058.800000000047,22481.800000000047,13582.000000000233,14266.600000000093,14951.200000000186,Mernda - South
260,210011226,8014,8162,8380,8349,8237,8741.143017578113,8671.499999999985,8987.999999999985,9304.499999999985,8903.628238932288,9066.113460286462,9228.598681640637,Airport West
261,210011227,3,6,8,11,14,5.9863636583767175,27.300000000000182,40.80000000000018,54.30000000000018,5.495454575143981,5.004545491911244,4.513636408678508,Essendon Airport
262,210011228,9009,9005,8944,8766,8596,9160.602294921875,8118.5,7586.0,7053.5,9243.910970052064,9327.219645182282,9410.5283203125,Keilor
263,210011230,7362,7498,7586,7635,7520,7966.988552024122,7837.299999999988,8063.799999999988,8290.299999999988,8110.2023200757685,8253.416088127356,8396.629856178944,Niddrie - Essendon West
264,210011231,10152,10261,10302,10264,10108,10580.896000532666,10157.900000000001,10115.400000000001,10072.900000000001,10696.315024266107,10811.734047999518,10927.153071732959,Strathmore
265,210011533,12323,12440,12614,12623,12471,12637.900000000009,12829.5,13069.0,13308.5,12685.800000000003,12733.699999999997,12781.600000000006,Avondale Heights
266,210011534,15256,15345,15459,15450,15174,15319.1,15295.499999999998,15265.999999999998,15236.499999999998,15313.2,15307.3,15301.4,Keilor East
267,210021232,13603,13895,14102,14219,14332,15165.82510653406,15277.599999999977,16168.599999999977,17059.599999999977,15529.843720407225,15893.862334280275,16257.88094815344,Gisborne
268,210021233,3535,3539,3537,3531,3540,3601.041805752844,3537.8,3538.8,3539.8,3623.791706247044,3646.5416067412443,3669.2915072354444,Macedon
269,210021234,4247,4293,4334,4433,4494,4604.243361594476,4804.0,5121.0,5438.0,4687.333724698168,4770.424087801861,4853.5144509055535,Riddells Creek
270,210021235,9893,10093,10360,10595,10832,10812.286572265613,12020.599999999977,13210.599999999977,14400.599999999977,10971.832991536474,11131.379410807276,11290.925830078137,Romsey
271,210031236,8379,8582,8685,8763,8513,9450.496559836552,8898.699999999997,9123.199999999997,9347.699999999997,9724.247388435062,9997.998217033572,10271.749045632081,Coburg North
272,210031237,14668,14788,14907,14768,14193,15427.62980291195,13985.799999999988,13500.799999999988,13015.799999999988,15658.094374408189,15888.55894590437,16119.023517400608,Fawkner
273,210031439,3091,3118,3136,3152,3141,3307.7057683771272,3221.399999999998,3288.399999999998,3355.399999999998,3366.067246685605,3424.4287249940826,3482.7902033025603,Gowanbrae
274,210031440,6017,6104,6265,6383,6295,6614.647969193902,6797.299999999988,7214.799999999988,7632.299999999988,6743.62223973131,6872.59651026869,7001.570780806098,Hadfield
275,210031535,15075,15403,15543,15551,14989,15305.0,15295.400000000001,15283.400000000001,15271.400000000001,15302.6,15300.2,15297.800000000001,Glenroy - East
276,210031536,8636,8856,9068,9233,8976,9270.899999999965,9693.699999999983,10222.199999999983,10750.699999999983,9376.599999999977,9482.299999999988,9587.99999999997,Glenroy - West
277,210031537,7778,7936,8064,8140,7976,8158.800000000003,8398.800000000003,8698.800000000003,8998.800000000003,8218.800000000003,8278.800000000003,8338.800000000003,Oak Park
278,210031538,17544,17849,17948,17932,17409,17680.299999999996,17605.5,17512.0,17418.5,17661.6,17642.9,17624.199999999997,Pascoe Vale
279,210041240,13332,13443,13622,13837,13786,14826.879469992826,14515.399999999965,15166.399999999965,15817.399999999965,15280.767684659106,15734.65589932527,16188.544113991433,Sunbury
280,210041539,2635,2985,3753,4641,5297,5956.199999999953,8748.199999999953,12238.199999999953,15728.199999999953,6654.199999999953,7352.199999999953,8050.199999999953,Diggers Rest
281,210041540,14027,14388,14699,15019,15095,15475.70000000007,16582.5,17966.0,19349.5,15752.400000000023,16029.099999999977,16305.800000000047,Sunbury - South
282,210041541,11683,11726,11774,11527,11266,11285.300000000017,10872.100000000006,10355.600000000006,9839.100000000006,11182.00000000003,11078.700000000012,10975.400000000023,Sunbury - West
283,210051242,14284,14547,14755,14733,14071,15579.010475852294,14310.0,14190.0,14070.0,15940.046948981937,16301.083422111697,16662.119895241456,Broadmeadows
284,210051243,17164,17176,17135,16870,16255,17312.21744495738,15433.200000000012,14371.200000000012,13309.200000000012,17428.854057173274,17545.490669389197,17662.12728160509,Campbellfield - Coolaroo
285,210051245,18486,18570,18596,18574,18178,18923.988813920412,18052.39999999998,17746.39999999998,17440.39999999998,19060.670587713015,19197.352361505677,19334.03413529828,Gladstone Park - Westmeadows
286,210051246,18256,19464,20298,21238,22391,23075.78937322437,27360.199999999953,32382.199999999953,37404.19999999995,23971.17572206445,24866.5620709043,25761.94841974438,Greenvale - Bulla
287,210051247,15842,15867,15857,15824,15078,15856.379785156256,14593.899999999965,13808.399999999965,13022.899999999965,15903.644254557294,15950.908723958346,15998.173193359384,Meadow Heights
288,210051248,181,168,155,142,129,166.23169222745037,64.0,-1.0,-66.0,168.49918457956028,170.7666769316702,173.034169283781,Melbourne Airport
289,210051250,6756,6816,6829,6817,6630,7010.159625799017,6593.899999999994,6468.399999999994,6342.899999999994,7085.629705995496,7161.099786192004,7236.569866388483,Tullamarine
290,210051441,8834,8865,8839,8709,8197,8784.634397194604,7687.799999999988,6972.799999999988,6257.799999999988,8807.264362866947,8829.894328539296,8852.524294211646,Craigieburn - Central
291,210051442,12605,12927,12995,12877,12448,13111.467027698847,12515.599999999991,12333.599999999991,12151.599999999991,13204.756343217334,13298.045658735791,13391.334974254249,Craigieburn - North
292,210051443,18281,19531,20643,21600,22005,22207.790846946184,27073.90000000014,31832.40000000014,36590.90000000014,22757.618758877972,23307.44667080976,23857.27458274155,Craigieburn - South
293,210051445,6034,9169,14000,18580,23731,22268.21187855117,45666.300000000745,68068.80000000075,90471.30000000075,24963.10448035039,27657.99708214961,30352.88968394883,Mickleham - Yuroke
294,210051542,6687,7474,8314,9235,9969,10833.300000000047,14163.300000000047,18325.800000000047,22488.300000000047,11665.800000000047,12498.300000000047,13330.800000000047,Craigieburn - North West
295,210051543,10003,10976,11827,12663,13185,14146.09999999986,17366.5,21392.0,25417.5,14951.199999999953,15756.300000000047,16561.399999999907,Craigieburn - West
296,210051544,10228,10191,10114,10031,9584,9595.200000000012,9015.999999999942,8291.999999999942,7567.999999999942,9450.400000000023,9305.599999999977,9160.799999999988,Roxburgh Park (South) - Somerton
297,210051545,13450,14024,14636,14973,14849,15510.5,17009.300000000047,18882.800000000047,20756.300000000047,15885.199999999953,16259.900000000023,16634.599999999977,Roxburgh Park - North
298,211011251,12690,12808,12934,12973,12707,13564.925093217345,12961.699999999997,13061.199999999997,13160.699999999997,13802.47787937976,14040.030665542174,14277.58345170453,Bayswater
299,211011254,16206,16575,16905,16992,16733,17820.62120028399,17711.900000000023,18447.400000000023,19182.900000000023,18191.182815459208,18561.744430634426,18932.306045809644,Knoxfield - Scoresby
300,211011255,6916,6915,6884,6795,6656,7002.033338512076,6385.200000000012,6065.200000000012,5745.200000000012,7051.128056196743,7100.222773881396,7149.317491566049,Lysterfield
301,211011256,15887,15883,15869,15804,15540,16034.698668323865,15255.5,14869.0,14482.5,16109.011860795465,16183.325053267035,16257.638245738635,Rowville - Central
302,211011257,8322,8261,8196,8112,7963,8339.966974431809,7563.899999999994,7130.399999999994,6696.899999999994,8389.70017311789,8439.43337180397,8489.166570490052,Rowville - North
303,211011258,10968,10918,10856,10741,10464,10857.062903941762,9959.899999999994,9367.399999999994,8774.899999999994,10876.918917199342,10896.774930456915,10916.630943714488,Rowville - South
304,211011259,14534,14678,14765,14849,14450,15053.984312855115,14657.3,14658.800000000001,14660.300000000001,15178.422017045465,15302.859721235785,15427.297425426135,Wantirna
305,211011260,18591,18602,18612,18578,18102,19285.98361150571,17795.600000000006,17294.600000000006,16793.600000000006,19524.783762428968,19763.583913352282,20002.384064275597,Wantirna South
306,211011446,23226,23405,23669,23886,23831,24501.86062677554,24787.100000000035,25632.600000000035,26478.100000000035,24802.803477154346,25103.746327533154,25404.68917791196,Boronia
307,211011447,14406,14467,14520,14428,14249,14873.60239257809,14166.900000000009,13990.400000000009,13813.900000000009,15011.772900390613,15149.943408203137,15288.113916015602,Ferntree Gully - North
308,211011448,15290,15402,15523,15494,15448,15538.071684126422,15716.999999999985,15920.999999999985,16124.999999999985,15579.832000177557,15621.592316228693,15663.352632279828,Ferntree Gully (South) - Upper Ferntree Gully
309,211011449,4458,4466,4451,4409,4380,4510.699536132815,4283.700000000004,4177.200000000004,4070.7000000000044,4533.770694986983,4556.84185384115,4579.913012695317,The Basin
310,211021261,16760,16789,16758,16642,16406,16897.200284090883,16072.5,15645.0,15217.5,16964.553252249025,17031.906220407196,17099.25918856534,Donvale - Park Orchards
311,211021262,10607,10583,10541,10392,10183,10597.898987926135,9733.899999999994,9214.399999999994,8694.899999999994,10635.108826053503,10672.318664180872,10709.52850230824,Warrandyte - Wonga Park
312,211031263,12310,12382,12411,12316,11968,12650.881751598004,11752.399999999994,11377.399999999994,11002.399999999994,12764.404675662896,12877.927599727758,12991.45052379262,Bayswater North
313,211031265,18768,18752,18710,18616,18235,18941.391672585218,17774.800000000017,17173.800000000017,16572.800000000017,19037.646345288813,19133.901017992408,19230.155690696003,Croydon Hills - Warranwood
314,211031266,18293,18490,18857,19132,18919,20326.162207031273,20064.0,21011.0,21958.0,20823.414908854174,21320.667610677076,21817.920312499977,Ringwood
315,211031267,21312,21478,21638,21755,21351,22209.204199218773,21755.300000000003,21932.800000000003,22110.300000000003,22435.015494791674,22660.826790364634,22886.638085937535,Ringwood East
316,211031268,10052,10066,10036,9919,9726,10152.956622869315,9400.49999999997,9000.99999999997,8601.49999999997,10210.454535097073,10267.952447324817,10325.45035955256,Ringwood North
317,211031450,15962,16167,16287,16378,16233,17113.468945312547,16732.5,17109.0,17485.5,17401.80768229172,17690.146419270895,17978.48515625007,Croydon - East
318,211031451,14111,14313,14505,14542,14247,15056.587224786927,14694.300000000003,14944.800000000003,15195.300000000003,15286.858990293578,15517.130755800172,15747.402521306823,Croydon - West
319,211031452,4899,4914,4944,5008,4936,5001.719753196019,5057.799999999999,5141.799999999999,5225.799999999999,5024.432341234613,5047.1449292731995,5069.857517311786,Croydon South
320,211041269,11192,11251,11193,11151,10866,11570.20641867898,10604.200000000012,10228.200000000012,9852.200000000012,11703.381957267993,11836.557495857007,11969.73303444602,Forest Hill
321,211041270,17077,17220,17268,17318,16935,17712.28141867899,17033.399999999994,16940.399999999994,16847.399999999994,17886.29172289296,18060.302027106984,18234.31233132101,Mitcham (Vic.)
322,211041271,12623,12778,12829,12846,12522,13357.783336292603,12625.8,12558.8,12491.8,13559.270796342287,13760.75825639203,13962.245716441714,Nunawading
323,211041272,11021,11137,11251,11324,11083,11413.487721946003,11380.900000000009,11536.400000000009,11691.900000000009,11494.492245205969,11575.496768465906,11656.501291725843,Vermont
324,211041273,12344,12382,12375,12288,12044,12572.915593927552,11800.799999999988,11453.799999999988,11106.799999999988,12658.178488991456,12743.44138405539,12828.704279119294,Vermont South
325,211051274,10448,10423,10370,10328,10095,10376.263321200284,9772.100000000006,9371.600000000006,8971.100000000006,10385.492314749052,10394.72130829782,10403.950301846588,Belgrave - Selby
326,211051275,10672,11036,11454,11749,11873,12031.19521040481,13537.300000000047,15094.800000000047,16652.300000000047,12254.231492660998,12477.267774917127,12700.304057173315,Chirnside Park
327,211051276,14226,14356,14405,14315,14181,14795.065931285499,14204.899999999998,14139.399999999998,14073.899999999998,14943.719893761852,15092.373856238148,15241.027818714501,Healesville - Yarra Glen
328,211051277,9591,9678,9869,9948,9980,10147.313481001416,10546.800000000017,11070.800000000017,11594.800000000017,10254.362875828607,10361.412270655768,10468.461665482959,Kilsyth
329,211051278,19646,19806,19891,19923,19783,21446.864071377786,20083.5,20279.0,20474.5,21995.41155894869,22543.959046519827,23092.50653409073,Lilydale - Coldstream
330,211051279,5856,5859,5845,5868,5857,5911.986132812504,5864.700000000001,5870.200000000001,5875.700000000001,5929.736791992189,5947.4874511718735,5965.238110351565,Monbulk - Silvan
331,211051280,7123,7134,7104,7043,6995,7160.42323996804,6836.899999999994,6663.399999999994,6489.899999999994,7185.074063387787,7209.724886807533,7234.375710227272,Montrose
332,211051281,23395,23571,23822,23888,23447,24390.77294921875,23919.299999999996,24129.799999999996,24340.299999999996,24633.73681640625,24876.70068359375,25119.66455078125,Mooroolbark
333,211051282,10079,10066,10042,9940,9771,10057.849263139207,9460.200000000012,9089.200000000012,8718.200000000012,10077.062791489108,10096.276319839017,10115.489848188918,Mount Dandenong - Olinda
334,211051283,10096,10077,10047,9933,9863,10159.012930575293,9576.200000000012,9271.200000000012,8966.200000000012,10201.253089488644,10243.493248401996,10285.733407315347,Mount Evelyn
335,211051284,10032,10016,9986,9938,9848,10000.392129794036,9651.800000000003,9428.800000000003,9205.800000000003,10010.378675426138,10020.36522105824,10030.351766690343,Upwey - Tecoma
336,211051285,7935,8003,7987,7982,7959,8128.8529607599485,7992.1,8005.6,8019.1,8178.545306581451,8228.237652402939,8277.929998224441,Wandin - Seville
337,211051286,16717,16849,16944,16984,16948,16992.027112926124,17306.300000000003,17604.800000000003,17903.300000000003,17032.72860144412,17073.430089962116,17114.13157848011,Yarra Valley
338,212011289,18677,18759,18821,18808,18797,19131.34228515625,18974.699999999997,19119.199999999997,19263.699999999997,19246.575846354186,19361.809407552093,19477.04296875,Emerald - Cockatoo
339,212011546,15465,17721,20228,22335,23947,26412.60000000056,35043.800000000745,45832.800000000745,56621.800000000745,28570.400000001304,30728.200000001118,32886.00000000093,Beaconsfield - Officer
340,212011547,8894,9114,9392,9687,9939,10204.09999999986,11269.29999999993,12600.79999999993,13932.29999999993,10470.399999999907,10736.699999999953,11002.999999999884,Bunyip - Garfield
341,212011548,8038,8292,8741,9364,10148,10504.199999999953,12621.000000000233,15267.000000000233,17913.000000000233,11033.399999999907,11562.600000000093,12091.800000000047,Koo Wee Rup
342,212011549,14957,15307,15525,15598,15615,15882.5,16525.29999999999,17328.79999999999,18132.29999999999,16043.199999999953,16203.899999999965,16364.599999999977,Pakenham - North East
343,212011550,5558,6033,6578,7115,7563,8097.0,10133.800000000047,12679.800000000047,15225.800000000047,8606.199999999953,9115.400000000023,9624.599999999977,Pakenham - North West
344,212011551,5146,5447,5792,6204,6491,6850.099999999977,8228.900000000023,9952.400000000023,11675.900000000023,7194.800000000047,7539.5,7884.199999999953,Pakenham - South East
345,212011552,25624,26325,26935,27347,27169,27913.599999999977,29558.400000000023,31614.400000000023,33670.40000000002,28324.800000000047,28736.0,29147.199999999953,Pakenham - South West
346,212021293,23901,23835,23858,23682,23187,24249.917249644874,22585.899999999965,21795.399999999965,21004.899999999965,24416.30493607954,24582.69262251415,24749.080308948818,Berwick - North
347,212021295,12091,12252,12335,12498,12061,12868.717804509914,12377.600000000006,12470.600000000006,12563.600000000006,13072.738942649157,13276.760080788343,13480.781218927528,Doveton
348,212021297,11512,11690,11902,11956,11603,12190.7406427557,12046.199999999997,12270.199999999997,12494.199999999997,12345.267470111256,12499.79429746687,12654.321124822483,Hallam
349,212021299,8275,8367,8376,8356,8310,8706.90589932527,8378.1,8407.6,8437.1,8818.583297821955,8930.26069631864,9041.938094815327,Narre Warren North
350,212021453,12523,12560,12538,12442,12191,12530.351495916191,11903.399999999994,11512.399999999994,11121.399999999994,12554.835752544983,12579.320009173767,12603.804265802559,Endeavour Hills - North
351,212021454,14121,14050,13977,13828,13464,13947.946950461646,12812.799999999988,12044.799999999988,11276.799999999988,13960.003312914298,13972.059675366949,13984.1160378196,Endeavour Hills - South
352,212021455,14006,14020,13998,13871,13620,14193.975359552569,13258.300000000017,12797.800000000017,12337.300000000017,14279.569179095648,14365.162998638727,14450.756818181835,Narre Warren - North East
353,212021456,14765,14941,15085,15153,14905,15462.688516512746,15314.200000000012,15560.200000000012,15806.200000000012,15616.502210582374,15770.315904651943,15924.12959872157,Narre Warren - South West
354,212021553,17457,17677,17835,17893,17980,18147.0,18651.79999999999,19282.79999999999,19913.79999999999,18273.20000000001,18399.399999999994,18525.600000000006,Berwick - South East
355,212021554,10127,10543,10905,11179,11359,11752.599999999977,12992.599999999977,14542.599999999977,16092.599999999977,12062.599999999977,12372.599999999977,12682.599999999977,Berwick - South West
356,212031300,21197,21397,21493,21642,21580,22257.47713068186,22169.49999999997,22674.99999999997,23180.49999999997,22525.94224668562,22794.40736268938,23062.872478693258,Cranbourne
357,212031303,9568,10703,12840,15345,17613,20278.995578834787,27726.199999999255,38092.199999999255,48458.199999999255,22672.09585700743,25065.19613518007,27458.29641335178,Cranbourne South
358,212031304,17148,18606,19757,20823,21834,21582.679678622168,27745.900000000373,33540.40000000037,39334.90000000037,22195.94807646773,22809.21647431329,23422.484872159082,Cranbourne West
359,212031306,16660,17217,17612,18092,18270,18336.17892400571,20436.699999999953,22484.199999999953,24531.699999999953,18578.02774029359,18819.87655658147,19061.725372869347,Lynbrook - Lyndhurst
360,212031308,8086,8140,8151,8128,8082,8316.531609552549,8103.400000000001,8093.400000000001,8083.400000000001,8379.011268939386,8441.490928326224,8503.970587713062,Pearcedale - Tooradin
361,212031457,13728,13694,13595,13396,13266,13709.647394353698,12680.399999999994,12069.399999999994,11458.399999999994,13758.309141216858,13806.970888080017,13855.632634943177,Narre Warren South - East
362,212031458,17643,17617,17522,17334,16932,17645.209446022724,16216.099999999977,15363.599999999977,14511.099999999977,17712.194978101325,17779.180510179925,17846.166042258526,Narre Warren South - West
363,212031555,4280,5677,7487,9196,10642,12329.30000000028,18826.5,26948.0,35069.5,13953.600000000093,15577.899999999907,17202.200000000186,Clyde North - North
364,212031556,1288,4166,7990,11876,15023,18622.599999999627,32694.599999999627,50284.59999999963,67874.59999999963,22140.599999999627,25658.599999999627,29176.599999999627,Clyde North - South
365,212031557,20718,21730,22764,23326,23753,24758.0,27824.399999999907,31657.399999999907,35490.39999999991,25524.600000000093,26291.199999999953,27057.800000000047,Cranbourne East - North
366,212031558,6281,8060,9680,11091,12432,14108.69999999972,20241.899999999907,27908.399999999907,35574.89999999991,15641.999999999534,17175.299999999814,18708.599999999627,Cranbourne East - South
367,212031559,9931,11039,11967,12637,12920,13971.59999999986,17002.0,20790.0,24578.0,14729.199999999953,15486.800000000047,16244.399999999907,Cranbourne North - East
368,212031560,12384,12442,12415,12310,12042,12073.799999999988,11747.400000000023,11339.400000000023,10931.400000000023,11992.200000000012,11910.600000000006,11829.0,Cranbourne North - West
369,212031561,13219,13339,13452,13370,12861,13042.700000000012,12768.700000000012,12426.200000000012,12083.700000000012,12974.200000000012,12905.700000000012,12837.200000000012,Hampton Park - East
370,212031562,13868,14022,14053,13964,13523,13661.600000000006,13362.399999999994,12988.399999999994,12614.399999999994,13586.799999999988,13512.0,13437.200000000012,Hampton Park - West
371,212041309,12312,12276,12212,12119,11656,12310.588094815335,11086.700000000012,10352.200000000012,9617.700000000012,12364.277981474908,12417.967868134467,12471.65775479404,Clarinda - Oakleigh South
372,212041310,13418,13654,14087,14139,13570,15057.933407315402,14325.900000000023,14720.400000000023,15114.900000000023,15472.825133167673,15887.716859019944,16302.608584872214,Clayton South
373,212041312,23824,23914,23953,23627,22839,24082.769105113635,22051.50000000006,20923.00000000006,19794.50000000006,24212.599955610815,24342.430806107935,24472.261656605115,Dandenong North
374,212041313,10646,10692,10756,10722,10554,10827.51607333096,10566.2,10489.2,10412.2,10874.45172821969,10921.38738310842,10968.32303799715,Dingley Village
375,212041316,7870,7853,7821,7753,7520,7914.4675670277065,7203.399999999994,6803.399999999994,6403.399999999994,7960.890027225381,8007.312487423071,8053.7349476207455,Noble Park North
376,212041317,23210,23540,23763,23636,22537,25184.128675426124,22462.199999999983,21837.199999999983,21212.199999999983,25771.43905066303,26358.749425899703,26946.059801136376,Springvale
377,212041318,13295,13321,13331,13285,12738,13611.0546875,12389.0,11814.0,11239.0,13737.922200520814,13864.789713541657,13991.6572265625,Springvale South
378,212041459,13294,13482,13590,13596,12901,14344.851105291164,12902.200000000012,12566.200000000012,12230.200000000012,14651.537201112718,14958.223296934157,15264.909392755711,Noble Park - East
379,212041460,19784,20015,20260,20215,19818,20978.59154829546,20206.0,20340.0,20474.0,21286.690672348486,21594.789796401514,21902.88892045454,Noble Park - West
380,212041563,23266,23369,23361,22990,21833,21990.300000000047,20692.300000000047,19069.800000000047,17447.300000000047,21665.800000000047,21341.300000000047,21016.800000000047,Dandenong - North
381,212041564,9821,9925,9987,9889,9497,9618.600000000006,9344.99999999997,9002.99999999997,8660.99999999997,9550.200000000012,9481.799999999988,9413.399999999994,Dandenong - South
382,212041565,15855,15818,15802,15597,15204,15198.299999999988,14589.099999999977,13827.599999999977,13066.099999999977,15046.0,14893.699999999953,14741.399999999965,Keysborough - North
383,212041566,12646,13562,14303,14890,15284,16118.199999999953,18759.800000000047,22061.800000000047,25363.800000000047,16778.600000000093,17439.0,18099.399999999907,Keysborough - South
384,212051319,19757,19966,20244,20302,19790,21175.189071377856,20293.20000000001,20494.20000000001,20695.20000000001,21540.544469105196,21905.89986683242,22271.255264559644,Ashwood - Chadstone
385,212051321,22374,22559,22699,22667,21899,22801.171839488612,21850.20000000001,21429.20000000001,21008.20000000001,22915.556466027454,23029.941092566267,23144.32571910511,Glen Waverley - East
386,212051322,20506,20896,21328,21731,21324,22245.502334872144,22886.70000000001,24122.20000000001,25357.70000000001,22602.027796519804,22958.55325816758,23315.078719815356,Glen Waverley - West
387,212051323,16225,16340,16456,16628,16241,16843.313609730103,16602.0,16762.0,16922.0,16994.941125118406,17146.56864050665,17298.196155894897,Mount Waverley - North
388,212051324,19585,19899,20069,20037,19475,20691.803480113624,19755.600000000002,19714.600000000002,19673.600000000002,20966.51701290242,21241.23054569133,21515.944078480126,Mount Waverley - South
389,212051325,20517,20609,20667,20675,20078,21359.552228338085,19940.800000000017,19534.800000000017,19128.800000000017,21617.465326112695,21875.378423887305,22133.291521661973,Mulgrave
390,212051326,22986,23247,23554,23689,23254,24872.190021306742,24030.600000000006,24519.600000000006,25008.600000000006,25346.729030539747,25821.268039772636,26295.80704900564,Oakleigh - Huntingdale
391,212051327,20970,21033,21116,21164,20854,21396.22611860797,20956.700000000004,20906.200000000004,20855.700000000004,21515.074396306823,21633.922674005677,21752.77095170456,Wheelers Hill
392,212051567,11502,11827,11722,11711,10114,10507.59999999986,9350.79999999993,7904.79999999993,6458.79999999993,10218.399999999907,9929.199999999953,9639.999999999884,Clayton (North) - Notting Hill
393,212051568,13135,13555,13881,14090,12378,13114.100000000006,12722.49999999997,12232.99999999997,11743.49999999997,13016.200000000012,12918.299999999988,12820.399999999994,Clayton - Central
394,213011328,8226,8224,8178,8075,7595,8612.196768465918,7071.899999999965,6366.399999999965,5660.899999999965,8775.613603811536,8939.030439157214,9102.447274502832,Ardeer - Albion
395,213011329,10357,10437,10442,10498,10144,10781.332648259937,10120.100000000006,9937.600000000006,9755.100000000006,10894.257611268928,11007.182574277918,11120.107537286938,Cairnlea
396,213011331,8793,8727,8658,8526,8154,8734.69384765625,7536.299999999988,6796.799999999988,6057.299999999988,8777.247802734375,8819.8017578125,8862.355712890625,Delahey
397,213011332,13914,13859,13751,13548,13193,13809.87048117898,12425.899999999965,11549.399999999965,10672.899999999965,13850.583780184665,13891.29707919035,13932.01037819602,Keilor Downs
398,213011333,14572,14612,14639,14461,14081,14763.28159179687,13679.899999999994,13113.399999999994,12546.899999999994,14849.695833333331,14936.110074869794,15022.524316406256,Kings Park (Vic.)
399,213011334,21455,21714,21835,21643,20850,22430.23965731531,20602.70000000001,19962.20000000001,19321.70000000001,22720.256806344725,23010.273955374025,23300.29110440344,St Albans - North
400,213011335,18338,18484,18547,18368,17666,18793.65560191759,17258.599999999977,16528.599999999977,15798.599999999977,18951.279406368383,19108.903210819117,19266.52701526991,St Albans - South
401,213011336,10300,10313,10301,10092,9576,11638.726282847929,8948.100000000035,8113.600000000035,7279.100000000035,12110.948393110768,12583.17050337349,13055.39261363633,Sunshine
402,213011337,12317,12452,12478,12436,12163,13246.021457741503,12142.400000000009,11980.400000000009,11818.400000000009,13523.230948153418,13800.440438565449,14077.649928977364,Sunshine North
403,213011338,19779,19882,19900,19613,18779,20429.24272017047,18002.29999999999,16867.79999999999,15733.299999999988,20682.361831202637,20935.480942234863,21188.60005326703,Sunshine West
404,213011339,12657,12672,12651,12421,11866,12768.310071910528,11170.299999999988,10253.799999999988,9337.299999999988,12854.934086470166,12941.558101029834,13028.182115589501,Sydenham
405,213011340,18305,18161,17957,17591,17071,18025.75009765626,15690.400000000023,14171.400000000023,12652.400000000023,18071.862988281253,18117.975878906247,18164.088769531256,Taylors Lakes
406,213011569,19059,19280,19226,18959,18230,18357.100000000035,17565.5,16576.0,15586.5,18159.20000000001,17961.29999999999,17763.400000000023,Deer Park
407,213011570,8959,9031,9107,9005,8751,8838.0,8661.199999999997,8440.199999999997,8219.199999999997,8793.799999999988,8749.599999999991,8705.399999999994,Derrimut
408,213021341,13436,13645,13845,13857,13652,14256.188916015613,14137.800000000003,14459.800000000003,14781.800000000017,14435.336002604163,14614.483089192712,14793.630175781262,Altona
409,213021342,20156,20087,20014,19477,18665,20190.873934659117,17165.400000000023,15369.400000000023,13573.400000000023,20323.988251657225,20457.102568655333,20590.21688565344,Altona Meadows
410,213021343,14992,15174,15386,15377,15086,17124.472150213085,15476.699999999997,15672.199999999997,15867.699999999997,17733.77522194595,18343.07829367905,18952.381365411915,Altona North
411,213021344,18718,18961,19243,19389,18985,19854.181640625,19732.600000000006,20213.600000000006,20694.600000000006,20106.247884114622,20358.314127604186,20610.38037109375,Newport
412,213021345,5416,5394,5365,5245,5002,5457.207537286929,4600.5,4112.0,3623.5,5503.3399717388675,5549.47240619082,5595.604840642758,Seabrook
413,213021346,16494,16642,16777,16635,16074,17255.089728338062,15931.5,15508.0,15084.5,17468.110801373085,17681.131874408165,17894.152947443188,Williamstown
414,213031347,19548,19686,19792,19876,19361,21281.75581498572,19523.800000000003,19431.800000000003,19339.800000000003,21794.99786931812,22308.239923650515,22821.481977982912,Braybrook
415,213031348,17665,17891,18037,18068,17420,23222.215243252926,17597.100000000006,17440.600000000006,17284.100000000006,24828.264618844725,26434.313994436525,28040.363370028324,Footscray
416,213031349,13156,13195,13230,13247,12715,15360.083203125047,12527.600000000006,12112.600000000006,11697.600000000006,16057.561751302099,16755.04029947915,17452.518847656203,Maribyrnong
417,213031350,9773,9805,9806,9712,9364,10034.881343217334,9054.300000000017,8598.800000000017,8143.3000000000175,10140.666827947454,10246.452312677575,10352.237797407666,Seddon - Kingsville
418,213031351,12144,12251,12436,12356,11885,12890.339146839513,11925.300000000003,11718.800000000003,11512.300000000003,13089.750174597546,13289.161202355579,13488.57223011367,West Footscray - Tottenham
419,213031352,15797,15980,16077,16048,15653,17038.483354048338,15757.0,15647.0,15537.0,17391.074854995357,17743.66635594226,18096.25785688928,Yarraville
420,213041353,21764,22471,23329,24220,25045,25550.70529119298,29183.5,33339.0,37494.5,26290.801177793415,27030.897064393852,27770.99295099429,Bacchus Marsh
421,213041358,19035,20018,20970,21401,21502,22123.16801313928,25007.100000000093,28165.600000000093,31324.100000000093,22632.25359552563,23141.339177911985,23650.424760298338,Melton West
422,213041359,4731,7540,10296,13272,17836,19482.42543501407,33094.39999999944,49065.39999999944,65036.39999999944,22573.602911931463,25664.780388848856,28755.95786576718,Rockbank - Mount Cottrell
423,213041360,20435,20439,20427,20265,19800,20714.46268643465,19262.400000000023,18540.400000000023,17818.400000000023,20837.20989287403,20959.95709931344,21082.70430575282,Taylors Hill
424,213041461,5176,5395,5542,5733,5855,5734.195285866488,6727.400000000023,7575.400000000023,8423.400000000023,5797.636709872168,5861.078133877847,5924.519557883526,Burnside
425,213041462,6543,6654,6735,6621,6442,6832.2283935546875,6434.5,6317.0,6199.5,6898.3892822265625,6964.5501708984375,7030.7110595703125,Burnside Heights
426,213041463,21291,21391,21336,21216,20643,21590.71484375,20145.70000000001,19410.20000000001,18674.70000000001,21699.96875,21809.22265625,21918.4765625,Caroline Springs
427,213041571,9499,9680,9772,9880,9939,10078.0,10510.0,11050.0,11590.0,10186.0,10294.0,10402.0,Brookfield
428,213041572,1754,2758,4335,6144,7708,9128.0,15245.600000000093,22892.600000000093,30539.600000000093,10657.400000000373,12186.80000000028,13716.200000000186,Cobblebank - Strathtulloh
429,213041573,2947,2996,2991,3014,3024,3046.0,3114.800000000003,3200.800000000003,3286.800000000003,3063.199999999997,3080.4000000000015,3097.5999999999985,Eynesbury - Exford
430,213041574,5793,7004,7983,8742,10223,11128.399999999907,15367.600000000093,20666.600000000093,25965.600000000093,12188.200000000186,13248.0,14307.799999999814,Fraser Rise - Plumpton
431,213041575,16823,16842,16693,16463,16335,16224.700000000012,15682.700000000012,15005.200000000012,14327.700000000012,16089.200000000012,15953.700000000012,15818.200000000012,Hillside
432,213041576,11456,11661,11894,11961,11745,12006.800000000017,12358.0,12797.0,13236.0,12094.600000000006,12182.399999999994,12270.200000000012,Kurunjang - Toolern Vale
433,213041577,8315,8333,8352,8252,7968,8011.5,7701.5,7314.0,6926.5,7934.0,7856.5,7779.0,Melton
434,213041578,12186,13155,14216,15626,16906,17991.100000000093,22755.499999999534,28710.999999999534,34666.499999999534,19182.200000000186,20373.299999999814,21564.399999999907,Melton South - Weir Views
435,213051361,20080,19913,19678,19383,18663,20008.39103338067,17188.600000000093,15506.600000000093,13824.600000000093,20128.78480409563,20249.17857481059,20369.57234552555,Hoppers Crossing - North
436,213051362,20284,20300,20173,19916,19003,20320.13464133523,17872.999999999884,16399.999999999884,14926.999999999884,20420.808715080493,20521.482788825757,20622.15686257102,Hoppers Crossing - South
437,213051363,10250,10891,11487,11956,11643,12136.139723899192,13941.100000000093,15866.600000000093,17792.100000000093,12412.537866950734,12688.936010002391,12965.334153053933,Laverton
438,213051368,12571,13680,15002,16321,16985,17369.301207386423,22940.100000000093,28674.600000000093,34409.10000000009,18198.554015743313,19027.806824100437,19857.059632457327,Werribee - South
439,213051464,14521,16086,17871,19103,19585,18658.05365767039,26634.700000000186,33207.200000000186,39779.700000000186,19052.45538589009,19446.857114109793,19841.258842329495,Point Cook - East
440,213051466,16734,18149,19029,19346,19385,20563.23063742905,23077.90000000014,26327.40000000014,29576.90000000014,21249.074926018016,21934.919214606984,22620.76350319595,Point Cook - South
441,213051467,20658,20615,20473,20163,19241,20892.554261363635,17929.79999999993,16286.79999999993,14643.79999999993,21081.686381392065,21270.818501420435,21459.950621448865,Werribee - East
442,213051468,13533,15119,17475,20182,22661,23222.928684304003,34117.299999999814,45776.799999999814,57436.299999999814,25116.68635179894,27010.444019294344,28904.201686789747,Werribee - West
443,213051579,7460,8328,9177,10001,10781,11643.899999999907,14969.899999999907,19127.399999999907,23284.899999999907,12475.399999999907,13306.899999999907,14138.399999999907,Manor Lakes - Quandong
444,213051580,15210,15258,15212,14957,14330,14375.100000000035,13550.700000000012,12520.200000000012,11489.700000000012,14169.000000000058,13962.900000000023,13756.800000000047,Point Cook - North East
445,213051581,9501,9671,9730,9786,9690,9823.5,10020.699999999997,10267.199999999997,10513.699999999997,9872.799999999988,9922.099999999991,9971.399999999994,Point Cook - North West
446,213051582,1486,3208,5305,7342,10301,12057.600000000559,20763.200000000186,31645.200000000186,42527.200000000186,14234.000000000931,16410.400000000373,18586.800000000745,Tarneit (West) - Mount Cottrell
447,213051583,26452,27243,27854,28250,28573,29249.099999999977,31348.70000000007,33973.20000000007,36597.70000000007,29773.999999999884,30298.900000000023,30823.79999999993,Tarneit - Central
448,213051584,900,2407,3999,5640,7331,8883.899999999907,15321.899999999907,23369.399999999907,31416.899999999907,10493.399999999907,12102.899999999907,13712.399999999907,Tarneit - North
449,213051585,11066,11261,11375,11494,11306,11514.300000000017,11799.5,12156.0,12512.5,11585.600000000006,11656.899999999994,11728.200000000012,Tarneit - South
450,213051586,2706,4275,6019,7880,9532,11259.5,18162.299999999814,26790.799999999814,35419.299999999814,12985.200000000186,14710.899999999907,16436.600000000093,Truganina - North
451,213051587,6603,7292,8208,9070,9751,10607.0,13836.600000000093,17873.600000000093,21910.600000000093,11414.399999999907,12221.800000000047,13029.199999999953,Truganina - South East
452,213051588,18373,18917,19322,19377,19385,19820.0,20813.599999999977,22055.599999999977,23297.599999999977,20068.400000000023,20316.79999999999,20565.20000000001,Truganina - South West
453,213051589,4472,5343,6472,7831,9163,10217.200000000186,14965.200000000186,20900.200000000186,26835.200000000186,11404.200000000186,12591.200000000186,13778.200000000186,Wyndham Vale - North
454,213051590,13867,13979,14087,13887,13695,13772.199999999997,13597.800000000003,13379.800000000003,13161.800000000003,13728.600000000006,13685.0,13641.399999999994,Wyndham Vale - South
455,214011370,21813,22027,22172,22358,22262,23012.183638139162,22986.70000000001,23601.20000000001,24215.70000000001,23295.697605942143,23579.21157374524,23862.72554154822,Carrum Downs
456,214011371,23727,23973,24104,24230,23908,25009.55033735803,24421.70000000001,24731.20000000001,25040.70000000001,25333.17498224438,25656.799627130735,25980.424272017088,Frankston
457,214011372,19990,20007,19989,19945,19665,20302.647443181806,19420.800000000017,19064.800000000017,18708.800000000017,20428.631016216852,20554.614589251898,20680.598162286915,Frankston North
458,214011373,19095,19179,19241,19156,18948,19535.235484730132,18901.899999999994,18743.399999999994,18584.899999999994,19664.52641157672,19793.81733842331,19923.108265269897,Frankston South
459,214011374,24851,24998,25082,25221,25248,25767.77779651992,25791.899999999994,26300.399999999994,26808.899999999994,25981.39110144414,26195.004406368418,26408.617711292638,Langwarrin
460,214011375,17235,17315,17389,17417,17359,18037.832874644897,17588.0,17763.0,17938.0,18266.178503787844,18494.52413293085,18722.869762073853,Seaford (Vic.)
461,214011376,13823,13917,13842,13657,13419,14071.795214843733,12984.0,12450.0,11916.0,14167.880468749994,14263.965722656256,14360.050976562488,Skye - Sandhurst
462,214021377,12008,12459,12760,13150,13460,13318.382883522718,15283.900000000023,17081.400000000023,18878.900000000023,13516.546166252345,13714.70944898203,13912.872731711657,Dromana
463,214021378,5716,5793,5870,5947,6021,5880.226973100143,6404.200000000012,6786.200000000012,7168.200000000012,5892.6234278823395,5905.0198826645355,5917.416337446732,Flinders
464,214021379,23221,23583,23903,24157,24240,24837.996200284106,25649.20000000001,26955.20000000001,28261.20000000001,25180.009638375952,25522.023076467798,25864.036514559644,Hastings - Somers
465,214021381,18822,18975,19056,19112,18923,19418.062801846594,19214.9,19384.4,19553.9,19560.371357125987,19702.67991240532,19844.988467684656,Mount Eliza
466,214021382,19594,19753,19982,20043,20020,20778.09729225852,20677.79999999999,21248.79999999999,21819.79999999999,21077.195353929885,21376.29341560125,21675.39147727273,Mount Martha
467,214021383,18361,18740,19160,19614,19990,19253.126296164774,22065.400000000023,24131.400000000023,26197.400000000023,19308.79942294034,19364.47254971591,19420.145676491476,Point Nepean
468,214021384,21994,22322,22620,22899,23139,23444.9051136364,24601.70000000007,26035.20000000007,27468.70000000007,23735.60622928501,24026.30734493374,24317.008460582467,Rosebud - McCrae
469,214021385,18896,18894,18825,18765,18688,19547.450790127856,18432.09999999999,18159.59999999999,17887.09999999999,19768.169794625952,19988.888799124048,20209.607803622144,Somerville
470,214021591,15367,15480,15565,15524,15273,15398.600000000006,15341.0,15269.0,15197.0,15384.200000000004,15369.800000000003,15355.400000000005,Mornington - East
471,214021592,10125,10417,10653,10702,10636,10898.700000000012,11421.49999999997,12074.99999999997,12728.49999999997,11029.400000000023,11160.100000000035,11290.799999999988,Mornington - West
472,215011386,8401,8420,8455,8538,8468,8506.272696200285,8632.800000000003,8758.800000000003,8884.800000000003,8521.083004853219,8535.893313506156,8550.70362215909,Ararat
473,215011387,3197,3184,3181,3180,3180,3158.4407870206014,3157.8,3138.8,3119.8,3149.084734182652,3139.7286813447026,3130.3726285067496,Ararat Surrounds
474,215011388,16551,16615,16733,16913,16944,16887.609339488627,17510.00000000003,18052.00000000003,18594.00000000003,16939.936674360797,16992.264009232953,17044.59134410511,Horsham
475,215011389,3442,3456,3469,3464,3451,3367.6489901456007,3474.6,3487.6,3500.6,3339.8202322295256,3311.9914743134505,3284.1627163973753,Horsham Surrounds
476,215011390,6916,6889,6878,6889,6907,6635.648388671863,6883.200000000001,6874.200000000001,6865.200000000001,6554.466495768225,6473.284602864558,6392.10270996092,Nhill Region
477,215011391,3351,3361,3392,3423,3429,3251.808548251065,3543.7999999999956,3652.7999999999956,3761.7999999999956,3208.8268891305634,3165.8452300100616,3122.86357088956,St Arnaud
478,215011392,8245,8272,8313,8373,8465,8169.669833096588,8712.300000000003,8982.800000000003,9253.300000000003,8125.567434599914,8081.465036103225,8037.362637606537,Stawell
479,215011393,2784,2783,2781,2782,2748,2651.489645108304,2724.5,2688.0,2651.5,2613.2836170543305,2575.077589000357,2536.8715609463834,West Wimmera
480,215011394,6645,6634,6611,6575,6454,6397.183276367185,6275.100000000006,6054.600000000006,5834.100000000006,6335.776383463541,6274.369490559897,6212.962597656253,Yarriambiack
481,215021395,7041,7172,7315,7500,7679,7378.60243918679,8464.200000000012,9266.200000000012,10068.200000000012,7402.356940991951,7426.111442797119,7449.865944602279,Irymple
482,215021396,4898,4959,4983,4994,4953,4994.826398259942,5058.9000000000015,5131.4000000000015,5203.9000000000015,5009.145420513731,5023.464442767519,5037.783465021304,Merbein
483,215021398,3734,3723,3722,3729,3709,3619.0989024769224,3692.5999999999985,3670.5999999999985,3648.5999999999985,3584.7161339962186,3550.3333655155147,3515.950597034811,Mildura Surrounds
484,215021399,6051,6116,6152,6201,6123,6196.189433149862,6288.899999999994,6403.399999999994,6517.899999999994,6221.267815607243,6246.346198064632,6271.42458052202,Red Cliffs
485,215021469,18515,18578,18572,18468,18088,18883.442888849444,17769.399999999994,17287.399999999994,16805.399999999994,19012.007330137334,19140.571771425195,19269.136212713085,Mildura - North
486,215021470,15171,15563,15965,16365,16417,16420.142098721582,18201.999999999884,19848.999999999884,21495.999999999884,16613.683271188464,16807.224443655286,17000.765616122168,Mildura - South
487,215031400,6222,6212,6163,6150,6134,5977.509510387084,6009.5999999999985,5890.5999999999985,5771.5999999999985,5911.710974491027,5845.91243859494,5780.113902698882,Buloke
488,215031401,6694,6675,6625,6613,6664,6573.264164595166,6568.800000000003,6507.800000000003,6446.800000000003,6546.7102472478655,6520.156329900565,6493.602412553264,Gannawarra
489,215031402,3898,3912,3919,3940,3943,3884.3982055664055,4005.0000000000036,4064.0000000000036,4123.000000000004,3873.306502278643,3862.2147989908844,3851.1230957031257,Kerang
490,215031403,3483,3597,3700,3767,3753,3531.6737060546875,4157.0,4512.0,4867.0,3500.438334147133,3469.2029622395858,3437.9675903320312,Robinvale
491,215031404,11147,11205,11251,11260,11169,11332.296497691772,11275.699999999999,11325.199999999999,11374.699999999999,11374.585160688934,11416.87382368608,11459.162486683243,Swan Hill
492,215031405,6430,6423,6437,6446,6462,6236.551285067471,6500.499999999998,6543.999999999998,6587.499999999998,6176.152796519891,6115.754307972296,6055.355819424716,Swan Hill Surrounds
493,216011406,15022,15139,15276,15413,15587,15423.77510209517,16270.200000000012,16972.20000000001,17674.20000000001,15484.091619318177,15544.408136541184,15604.724653764206,Echuca
494,216011407,11062,11045,11084,11117,11055,11104.201336115057,11113.2,11142.2,11171.2,11116.489068418563,11128.776800722066,11141.064533025568,Kyabram
495,216011408,3858,3868,3845,3856,3908,3857.9916348544048,3928.600000000002,3972.600000000002,4016.600000000002,3854.8565662730834,3851.721497691763,3848.5864291104426,Lockington - Gunbower
496,216011409,3921,3938,3944,3967,3987,3960.1946721857257,4064.100000000002,4144.600000000002,4225.100000000006,3964.501658306701,3968.808644427678,3973.115630548653,Rochester
497,216011410,4068,4075,4089,4121,4166,4030.0097500887787,4273.200000000004,4394.200000000004,4515.200000000004,4008.612970895483,3987.2161917021804,3965.8194125088776,Rushworth
498,216021411,6442,6453,6450,6470,6438,6488.699287553267,6456.9,6461.4,6465.9,6501.990582830254,6515.281878107246,6528.573173384233,Cobram
499,216021412,2651,2678,2722,2779,2829,2722.4869395862934,3051.7000000000116,3280.2000000000116,3508.7000000000116,2721.646362674598,2720.8057857629033,2719.9652088512084,Moira
500,216021413,12440,12462,12482,12505,12499,12461.320157137783,12590.3,12670.8,12751.300000000003,12458.73407907197,12456.148001006155,12453.561922940342,Numurkah
501,216021414,8166,8288,8405,8490,8585,8772.360671164759,9114.799999999988,9634.799999999988,10154.799999999988,8899.43500236742,9026.50933357008,9153.583664772712,Yarrawonga
502,216031415,8097,8191,8296,8331,8311,8261.525284090909,8642.799999999988,8926.799999999988,9210.799999999988,8271.702357066762,8281.879430042613,8292.056503018466,Mooroopna
503,216031416,19333,19637,19916,20069,20034,20487.00797230116,21081.599999999977,21998.599999999977,22915.599999999977,20719.507703006617,20952.007433712133,21184.50716441759,Shepparton - North
504,216031418,3928,3954,3981,4007,4012,3945.2903586647735,4131.100000000006,4241.600000000006,4352.100000000006,3938.2048591382572,3931.1193596117428,3924.0338600852283,Shepparton Surrounds - East
505,216031419,10307,10318,10331,10344,10326,10409.35987215909,10370.000000000002,10402.000000000002,10434.000000000002,10436.312096058238,10463.264319957387,10490.216543856535,Shepparton Surrounds - West
506,216031593,7700,8058,8444,8745,9066,9428.29999999993,10795.899999999907,12505.399999999907,14214.899999999907,9770.199999999837,10112.09999999986,10453.999999999884,Kialla
507,216031594,16363,16420,16495,16682,16572,16710.399999999994,16982.399999999994,17322.399999999994,17662.399999999994,16778.399999999994,16846.399999999994,16914.399999999994,Shepparton - South East
508,217011420,8793,8813,8827,8839,8871,8635.383682528394,8956.0,9047.0,9138.0,8571.397832327159,8507.411982125923,8443.426131924702,Glenelg (Vic.)
509,217011421,10122,10178,10243,10332,10284,10160.755326704544,10566.399999999994,10805.399999999994,11044.399999999994,10137.865545099427,10114.975763494316,10092.085981889199,Hamilton (Vic.)
510,217011422,10992,11058,11138,11182,11182,11076.98992365057,11463.199999999997,11715.199999999997,11967.199999999997,11073.212949810608,11069.435975970646,11065.659002130684,Portland
511,217011423,6146,6165,6182,6209,6264,6042.384945401282,6389.199999999997,6529.199999999997,6669.199999999997,5995.206399443661,5948.027853486041,5900.849307528406,Southern Grampians
512,217031471,3543,3558,3535,3491,3470,3467.4531549627136,3370.300000000003,3263.800000000003,3157.300000000003,3448.364125384709,3429.2750958067045,3410.1860662286927,Camperdown
513,217031472,12547,12640,12705,12755,12696,12821.337721946024,12957.699999999997,13164.199999999997,13370.699999999997,12871.456975023684,12921.57622810133,12971.695481178976,Colac
514,217031473,5418,5470,5522,5590,5643,5432.84526589133,5927.600000000006,6212.600000000006,6497.600000000006,5408.530697354399,5384.216128817468,5359.9015602805375,Colac Surrounds
515,217031474,5411,5354,5336,5350,5358,5278.361625532671,5284.799999999999,5229.799999999999,5174.799999999999,5254.042864435367,5229.724103338071,5205.405342240767,Corangamite - North
516,217031475,7266,7256,7233,7192,7148,7109.839599609375,7008.999999999993,6858.999999999993,6708.999999999993,7077.9669596354215,7046.094319661461,7014.2216796875,Corangamite - South
517,217031476,3633,3707,3797,3905,3978,3767.152340420812,4425.600000000006,4869.600000000006,5313.600000000006,3763.275552275689,3759.3987641305657,3755.5219759854426,Otway
518,217041477,6714,6741,6790,6873,6989,6827.6439675071015,7298.799999999988,7639.799999999988,7980.799999999988,6836.358413973721,6845.0728604403375,6853.787306906957,Moyne - East
519,217041478,9681,9773,9833,9842,9963,10146.61509676848,10261.499999999985,10577.999999999985,10894.499999999985,10252.449010120734,10358.282923473016,10464.116836825298,Moyne - West
520,217041479,21676,21934,22157,22379,22462,22883.398908025585,23533.49999999994,24541.99999999994,25550.49999999994,23130.794102154323,23378.18929628312,23625.584490411915,Warrnambool - North
521,217041480,13192,13214,13247,13323,13292,13392.389240056815,13469.899999999994,13624.399999999994,13778.899999999994,13438.163275331448,13483.937310606067,13529.711345880685,Warrnambool - South
